field_id,color_class,deltaW
0,22,0 -1 -1 -1 -1;-1 0 -1 -1 -1;-1 -1 0 -1 -1;-1 -1 -1 0 -1;-1 -1 -1 -1 0
1,80,0 -1 -1 -1 -1;-1 0 -1 -1 -1;-1 -1 0 -1 -1;-1 -1 -1 0 -1;0 0 0 0 0
2,20,0 -1 -1 -1 -1;-1 0 -1 -1 -1;-1 -1 0 -1 -1;-1 -1 -1 0 -1;1 1 1 1 0
3,177,0 -1 -1 -1 -1;-1 0 -1 -1 -1;-1 -1 0 -1 -1;-1 -1 -1 0 -1;2 2 2 2 0
4,395,0 -1 -1 -1 -1;-1 0 -1 -1 -1;-1 -1 0 -1 -1;-1 -1 -1 0 -1;3 3 3 3 0
5,450,0 -1 -1 -1 -1;-1 0 -1 -1 -1;-1 -1 0 -1 -1;-1 -1 -1 0 -1;4 4 4 4 0
6,75,0 -1 -1 -1 -1;-1 0 -1 -1 -1;-1 -1 0 -1 -1;-1 -1 -1 0 0;-1 -1 -1 -1 0
7,24,0 -1 -1 -1 -1;-1 0 -1 -1 -1;-1 -1 0 -1 -1;-1 -1 -1 0 0;0 0 0 0 0
8,130,0 -1 -1 -1 -1;-1 0 -1 -1 -1;-1 -1 0 -1 -1;-1 -1 -1 0 0;1 1 1 1 0
9,89,0 -1 -1 -1 -1;-1 0 -1 -1 -1;-1 -1 0 -1 -1;-1 -1 -1 0 1;-1 -1 -1 -1 0
10,64,0 -1 -1 -1 -1;-1 0 -1 -1 -1;-1 -1 0 -1 -1;-1 -1 -1 0 1;0 0 0 0 0
11,273,0 -1 -1 -1 -1;-1 0 -1 -1 -1;-1 -1 0 -1 -1;-1 -1 -1 0 2;-1 -1 -1 -1 0
12,232,0 -1 -1 -1 -1;-1 0 -1 -1 -1;-1 -1 0 -1 -1;0 0 0 0 0;-1 -1 -1 -1 0
13,24,0 -1 -1 -1 -1;-1 0 -1 -1 -1;-1 -1 0 -1 -1;0 0 0 0 0;0 0 0 0 0
14,81,0 -1 -1 -1 -1;-1 0 -1 -1 -1;-1 -1 0 -1 -1;0 0 0 0 0;1 1 1 1 0
15,177,0 -1 -1 -1 -1;-1 0 -1 -1 -1;-1 -1 0 -1 -1;0 0 0 0 0;2 2 2 2 0
16,89,0 -1 -1 -1 -1;-1 0 -1 -1 -1;-1 -1 0 -1 -1;0 0 0 0 1;-1 -1 -1 -1 0
17,27,0 -1 -1 -1 -1;-1 0 -1 -1 -1;-1 -1 0 -1 -1;0 0 0 0 1;0 0 0 0 0
18,94,0 -1 -1 -1 -1;-1 0 -1 -1 -1;-1 -1 0 -1 -1;0 0 0 0 1;1 1 1 1 0
19,320,0 -1 -1 -1 -1;-1 0 -1 -1 -1;-1 -1 0 -1 -1;0 0 0 0 1;2 2 2 2 0
20,273,0 -1 -1 -1 -1;-1 0 -1 -1 -1;-1 -1 0 -1 -1;0 0 0 0 2;0 0 0 0 0
21,153,0 -1 -1 -1 -1;-1 0 -1 -1 -1;-1 -1 0 -1 -1;0 0 0 0 3;-1 -1 -1 -1 0
22,171,0 -1 -1 -1 -1;-1 0 -1 -1 -1;-1 -1 0 -1 -1;0 0 0 0 3;0 0 0 0 0
23,12,0 -1 -1 -1 -1;-1 0 -1 -1 -1;-1 -1 0 -1 -1;1 1 1 0 1;-1 -1 -1 -1 0
24,217,0 -1 -1 -1 -1;-1 0 -1 -1 -1;-1 -1 0 -1 -1;1 1 1 0 1;0 0 0 0 0
25,63,0 -1 -1 -1 -1;-1 0 -1 -1 -1;-1 -1 0 -1 -1;1 1 1 0 1;1 1 1 1 0
26,654,0 -1 -1 -1 -1;-1 0 -1 -1 -1;-1 -1 0 -1 -1;1 1 1 0 1;2 2 2 2 0
27,408,0 -1 -1 -1 -1;-1 0 -1 -1 -1;-1 -1 0 -1 -1;1 1 1 0 1;3 3 3 3 0
28,165,0 -1 -1 -1 -1;-1 0 -1 -1 -1;-1 -1 0 -1 -1;1 1 1 0 2;-1 -1 -1 -1 0
29,276,0 -1 -1 -1 -1;-1 0 -1 -1 -1;-1 -1 0 -1 -1;1 1 1 0 2;0 0 0 0 0
30,655,0 -1 -1 -1 -1;-1 0 -1 -1 -1;-1 -1 0 -1 -1;1 1 1 0 2;2 2 2 2 0
31,150,0 -1 -1 -1 -1;-1 0 -1 -1 -1;-1 -1 0 -1 -1;1 1 1 0 3;-1 -1 -1 -1 0
32,150,0 -1 -1 -1 -1;-1 0 -1 -1 -1;-1 -1 0 -1 -1;1 1 1 0 3;0 0 0 0 0
33,264,0 -1 -1 -1 -1;-1 0 -1 -1 -1;-1 -1 0 -1 -1;1 1 1 0 3;1 1 1 1 0
34,100,0 -1 -1 -1 -1;-1 0 -1 -1 -1;-1 -1 0 -1 -1;1 1 1 0 4;-1 -1 -1 -1 0
35,96,0 -1 -1 -1 -1;-1 0 -1 -1 -1;-1 -1 0 -1 -1;1 1 1 0 4;0 0 0 0 0
36,222,0 -1 -1 -1 -1;-1 0 -1 -1 -1;-1 -1 0 -1 -1;2 2 2 0 2;-1 -1 -1 -1 0
37,222,0 -1 -1 -1 -1;-1 0 -1 -1 -1;-1 -1 0 -1 -1;2 2 2 0 2;0 0 0 0 0
38,409,0 -1 -1 -1 -1;-1 0 -1 -1 -1;-1 -1 0 -1 -1;2 2 2 0 2;1 1 1 1 0
39,37,0 -1 -1 -1 -1;-1 0 -1 -1 -1;-1 -1 0 -1 -1;2 2 2 0 2;2 2 2 2 0
40,410,0 -1 -1 -1 -1;-1 0 -1 -1 -1;-1 -1 0 -1 -1;2 2 2 0 2;4 4 4 4 0
41,451,0 -1 -1 -1 -1;-1 0 -1 -1 -1;-1 -1 0 -1 -1;2 2 2 0 3;-1 -1 -1 -1 0
42,26,0 -1 -1 -1 -1;-1 0 -1 -1 -1;-1 -1 0 -1 -1;2 2 2 0 3;0 0 0 0 0
43,411,0 -1 -1 -1 -1;-1 0 -1 -1 -1;-1 -1 0 -1 -1;2 2 2 0 3;1 1 1 1 0
44,452,0 -1 -1 -1 -1;-1 0 -1 -1 -1;-1 -1 0 -1 -1;2 2 2 0 4;-1 -1 -1 -1 0
45,453,0 -1 -1 -1 -1;-1 0 -1 -1 -1;-1 -1 0 -1 -1;2 2 2 0 4;1 1 1 1 0
46,454,0 -1 -1 -1 -1;-1 0 -1 -1 -1;-1 -1 0 -1 -1;2 2 2 0 4;2 2 2 2 0
47,132,0 -1 -1 -1 -1;-1 0 -1 -1 -1;-1 -1 0 -1 -1;2 2 2 0 5;-1 -1 -1 -1 0
48,132,0 -1 -1 -1 -1;-1 0 -1 -1 -1;-1 -1 0 -1 -1;2 2 2 0 5;0 0 0 0 0
49,455,0 -1 -1 -1 -1;-1 0 -1 -1 -1;-1 -1 0 -1 -1;2 2 2 0 5;1 1 1 1 0
50,456,0 -1 -1 -1 -1;-1 0 -1 -1 -1;-1 -1 0 -1 -1;3 3 3 0 3;-1 -1 -1 -1 0
51,412,0 -1 -1 -1 -1;-1 0 -1 -1 -1;-1 -1 0 -1 -1;3 3 3 0 3;1 1 1 1 0
52,457,0 -1 -1 -1 -1;-1 0 -1 -1 -1;-1 -1 0 -1 -1;3 3 3 0 3;2 2 2 2 0
53,458,0 -1 -1 -1 -1;-1 0 -1 -1 -1;-1 -1 0 -1 -1;3 3 3 0 3;3 3 3 3 0
54,459,0 -1 -1 -1 -1;-1 0 -1 -1 -1;-1 -1 0 -1 -1;3 3 3 0 3;5 5 5 5 0
55,460,0 -1 -1 -1 -1;-1 0 -1 -1 -1;-1 -1 0 -1 -1;3 3 3 0 4;2 2 2 2 0
56,685,0 -1 -1 -1 -1;-1 0 -1 -1 -1;-1 -1 0 -1 -1;3 3 3 0 6;-1 -1 -1 -1 0
57,685,0 -1 -1 -1 -1;-1 0 -1 -1 -1;-1 -1 0 -1 -1;3 3 3 0 6;0 0 0 0 0
58,461,0 -1 -1 -1 -1;-1 0 -1 -1 -1;-1 -1 0 -1 -1;3 3 3 0 6;1 1 1 1 0
59,413,0 -1 -1 -1 -1;-1 0 -1 -1 -1;-1 -1 0 -1 -1;4 4 4 0 4;2 2 2 2 0
60,462,0 -1 -1 -1 -1;-1 0 -1 -1 -1;-1 -1 0 -1 -1;4 4 4 0 7;1 1 1 1 0
61,463,0 -1 -1 -1 -1;-1 0 -1 -1 -1;-1 -1 0 -1 -1;5 5 5 0 5;3 3 3 3 0
62,80,0 -1 -1 -1 -1;-1 0 -1 -1 -1;-1 -1 0 0 -1;-1 -1 -1 0 -1;-1 -1 -1 -1 0
63,24,0 -1 -1 -1 -1;-1 0 -1 -1 -1;-1 -1 0 0 -1;-1 -1 -1 0 -1;0 0 0 0 0
64,128,0 -1 -1 -1 -1;-1 0 -1 -1 -1;-1 -1 0 0 -1;-1 -1 -1 0 0;1 1 1 1 0
65,24,0 -1 -1 -1 -1;-1 0 -1 -1 -1;-1 -1 0 0 -1;0 0 0 0 0;-1 -1 -1 -1 0
66,25,0 -1 -1 -1 -1;-1 0 -1 -1 -1;-1 -1 0 0 -1;0 0 0 0 0;1 1 1 1 0
67,12,0 -1 -1 -1 -1;-1 0 -1 -1 -1;-1 -1 0 0 -1;1 1 1 0 1;-1 -1 -1 -1 0
68,63,0 -1 -1 -1 -1;-1 0 -1 -1 -1;-1 -1 0 0 -1;1 1 1 0 1;1 1 1 1 0
69,654,0 -1 -1 -1 -1;-1 0 -1 -1 -1;-1 -1 0 0 -1;1 1 1 0 1;2 2 2 2 0
70,276,0 -1 -1 -1 -1;-1 0 -1 -1 -1;-1 -1 0 0 -1;1 1 1 0 2;-1 -1 -1 -1 0
71,655,0 -1 -1 -1 -1;-1 0 -1 -1 -1;-1 -1 0 0 -1;1 1 1 0 2;2 2 2 2 0
72,222,0 -1 -1 -1 -1;-1 0 -1 -1 -1;-1 -1 0 0 -1;2 2 2 0 2;-1 -1 -1 -1 0
73,78,0 -1 -1 -1 -1;-1 0 -1 -1 -1;-1 -1 0 1 -1;-1 -1 -1 0 -1;-1 -1 -1 -1 0
74,28,0 -1 -1 -1 -1;-1 0 -1 -1 -1;-1 -1 0 1 -1;-1 -1 -1 0 -1;0 0 0 0 0
75,57,0 -1 -1 -1 -1;-1 0 -1 -1 -1;-1 -1 0 1 -1;-1 -1 -1 0 1;-1 -1 -1 -1 0
76,172,0 -1 -1 -1 -1;-1 0 -1 -1 -1;-1 -1 0 1 -1;-1 -1 -1 0 1;0 0 0 0 0
77,66,0 -1 -1 -1 -1;-1 0 -1 -1 -1;-1 -1 0 1 -1;0 0 0 0 0;-1 -1 -1 -1 0
78,115,0 -1 -1 -1 -1;-1 0 -1 -1 -1;-1 -1 0 1 -1;0 0 0 0 0;0 0 0 0 0
79,32,0 -1 -1 -1 -1;-1 0 -1 -1 -1;-1 -1 0 1 -1;0 0 0 0 0;1 1 1 1 0
80,86,0 -1 -1 -1 -1;-1 0 -1 -1 -1;-1 -1 0 1 -1;0 0 0 0 1;0 0 0 0 0
81,42,0 -1 -1 -1 -1;-1 0 -1 -1 -1;-1 -1 0 1 -1;0 0 0 0 1;1 1 1 1 0
82,172,0 -1 -1 -1 -1;-1 0 -1 -1 -1;-1 -1 0 1 -1;0 0 0 0 3;-1 -1 -1 -1 0
83,87,0 -1 -1 -1 -1;-1 0 -1 -1 -1;-1 -1 0 1 -1;1 1 1 0 1;-1 -1 -1 -1 0
84,243,0 -1 -1 -1 -1;-1 0 -1 -1 -1;-1 -1 0 2 -1;-1 -1 -1 0 -1;-1 -1 -1 -1 0
85,43,0 -1 -1 -1 -1;-1 0 -1 -1 -1;-1 -1 0 2 -1;-1 -1 -1 0 -1;0 0 0 0 0
86,84,0 -1 -1 -1 -1;-1 0 -1 -1 -1;0 0 0 0 0;-1 -1 -1 0 -1;-1 -1 -1 -1 0
87,24,0 -1 -1 -1 -1;-1 0 -1 -1 -1;0 0 0 0 0;-1 -1 -1 0 -1;0 0 0 0 0
88,240,0 -1 -1 -1 -1;-1 0 -1 -1 -1;0 0 0 0 0;-1 -1 -1 0 -1;1 1 1 1 0
89,245,0 -1 -1 -1 -1;-1 0 -1 -1 -1;0 0 0 0 0;-1 -1 -1 0 -1;2 2 2 2 0
90,395,0 -1 -1 -1 -1;-1 0 -1 -1 -1;0 0 0 0 0;-1 -1 -1 0 -1;3 3 3 3 0
91,24,0 -1 -1 -1 -1;-1 0 -1 -1 -1;0 0 0 0 0;-1 -1 -1 0 0;0 0 0 0 0
92,112,0 -1 -1 -1 -1;-1 0 -1 -1 -1;0 0 0 0 0;-1 -1 -1 0 0;1 1 1 1 0
93,89,0 -1 -1 -1 -1;-1 0 -1 -1 -1;0 0 0 0 0;-1 -1 -1 0 1;-1 -1 -1 -1 0
94,89,0 -1 -1 -1 -1;-1 0 -1 -1 -1;0 0 0 0 0;-1 -1 -1 0 1;0 0 0 0 0
95,320,0 -1 -1 -1 -1;-1 0 -1 -1 -1;0 0 0 0 0;-1 -1 -1 0 1;2 2 2 2 0
96,24,0 -1 -1 -1 -1;-1 0 -1 -1 -1;0 0 0 0 0;0 0 0 0 0;-1 -1 -1 -1 0
97,24,0 -1 -1 -1 -1;-1 0 -1 -1 -1;0 0 0 0 0;0 0 0 0 0;0 0 0 0 0
98,89,0 -1 -1 -1 -1;-1 0 -1 -1 -1;0 0 0 0 0;0 0 0 0 1;-1 -1 -1 -1 0
99,273,0 -1 -1 -1 -1;-1 0 -1 -1 -1;0 0 0 0 0;0 0 0 0 2;-1 -1 -1 -1 0
100,98,0 -1 -1 -1 -1;-1 0 -1 -1 -1;0 0 0 0 0;0 0 0 0 3;-1 -1 -1 -1 0
101,98,0 -1 -1 -1 -1;-1 0 -1 -1 -1;0 0 0 0 0;0 0 0 0 3;0 0 0 0 0
102,72,0 -1 -1 -1 -1;-1 0 -1 -1 -1;0 0 0 0 0;0 0 0 0 3;2 2 2 2 0
103,53,0 -1 -1 -1 -1;-1 0 -1 -1 -1;0 0 0 0 0;1 1 1 0 1;-1 -1 -1 -1 0
104,63,0 -1 -1 -1 -1;-1 0 -1 -1 -1;0 0 0 0 0;1 1 1 0 1;1 1 1 1 0
105,155,0 -1 -1 -1 -1;-1 0 -1 -1 -1;0 0 0 0 0;1 1 1 0 4;-1 -1 -1 -1 0
106,222,0 -1 -1 -1 -1;-1 0 -1 -1 -1;0 0 0 0 0;2 2 2 0 2;-1 -1 -1 -1 0
107,182,0 -1 -1 -1 -1;-1 0 -1 -1 -1;0 0 0 0 0;2 2 2 0 5;-1 -1 -1 -1 0
108,132,0 -1 -1 -1 -1;-1 0 -1 -1 -1;0 0 0 0 0;2 2 2 0 5;0 0 0 0 0
109,685,0 -1 -1 -1 -1;-1 0 -1 -1 -1;0 0 0 0 0;3 3 3 0 6;-1 -1 -1 -1 0
110,78,0 -1 -1 -1 -1;-1 0 -1 -1 -1;0 0 0 1 0;-1 -1 -1 0 -1;-1 -1 -1 -1 0
111,78,0 -1 -1 -1 -1;-1 0 -1 -1 -1;0 0 0 1 0;-1 -1 -1 0 -1;0 0 0 0 0
112,55,0 -1 -1 -1 -1;-1 0 -1 -1 -1;0 0 0 1 0;-1 -1 -1 0 -1;1 1 1 1 0
113,66,0 -1 -1 -1 -1;-1 0 -1 -1 -1;0 0 0 1 0;0 0 0 0 0;-1 -1 -1 -1 0
114,78,0 -1 -1 -1 -1;-1 0 -1 -1 -1;0 0 0 1 0;1 1 1 0 1;-1 -1 -1 -1 0
115,464,0 -1 -1 -1 -1;-1 0 -1 -1 -1;0 0 0 1 0;2 2 2 0 3;-1 -1 -1 -1 0
116,243,0 -1 -1 -1 -1;-1 0 -1 -1 -1;0 0 0 2 0;-1 -1 -1 0 -1;0 0 0 0 0
117,243,0 -1 -1 -1 -1;-1 0 -1 -1 -1;0 0 0 2 0;0 0 0 0 0;-1 -1 -1 -1 0
118,96,0 -1 -1 -1 -1;-1 0 -1 -1 -1;0 0 0 3 0;-1 -1 -1 0 -1;-1 -1 -1 -1 0
119,172,0 -1 -1 -1 -1;-1 0 -1 -1 -1;0 0 0 3 0;-1 -1 -1 0 -1;1 1 1 1 0
120,30,0 -1 -1 -1 -1;-1 0 -1 -1 -1;0 0 0 3 0;-1 -1 -1 0 1;-1 -1 -1 -1 0
121,74,0 -1 -1 -1 -1;-1 0 -1 -1 -1;0 0 0 3 0;0 0 0 0 0;-1 -1 -1 -1 0
122,18,0 -1 -1 -1 -1;-1 0 -1 -1 -1;1 1 0 1 1;-1 -1 -1 0 -1;-1 -1 -1 -1 0
123,238,0 -1 -1 -1 -1;-1 0 -1 -1 -1;1 1 0 1 1;-1 -1 -1 0 -1;0 0 0 0 0
124,49,0 -1 -1 -1 -1;-1 0 -1 -1 -1;1 1 0 1 1;-1 -1 -1 0 -1;1 1 1 1 0
125,314,0 -1 -1 -1 -1;-1 0 -1 -1 -1;1 1 0 1 1;-1 -1 -1 0 -1;2 2 2 2 0
126,341,0 -1 -1 -1 -1;-1 0 -1 -1 -1;1 1 0 1 1;-1 -1 -1 0 -1;3 3 3 3 0
127,18,0 -1 -1 -1 -1;-1 0 -1 -1 -1;1 1 0 1 1;-1 -1 -1 0 0;-1 -1 -1 -1 0
128,45,0 -1 -1 -1 -1;-1 0 -1 -1 -1;1 1 0 1 1;-1 -1 -1 0 0;1 1 1 1 0
129,188,0 -1 -1 -1 -1;-1 0 -1 -1 -1;1 1 0 1 1;-1 -1 -1 0 0;3 3 3 3 0
130,39,0 -1 -1 -1 -1;-1 0 -1 -1 -1;1 1 0 1 1;-1 -1 -1 0 1;-1 -1 -1 -1 0
131,261,0 -1 -1 -1 -1;-1 0 -1 -1 -1;1 1 0 1 1;-1 -1 -1 0 2;-1 -1 -1 -1 0
132,238,0 -1 -1 -1 -1;-1 0 -1 -1 -1;1 1 0 1 1;0 0 0 0 0;-1 -1 -1 -1 0
133,45,0 -1 -1 -1 -1;-1 0 -1 -1 -1;1 1 0 1 1;0 0 0 0 0;1 1 1 1 0
134,103,0 -1 -1 -1 -1;-1 0 -1 -1 -1;1 1 0 1 1;0 0 0 0 3;-1 -1 -1 -1 0
135,56,0 -1 -1 -1 -1;-1 0 -1 -1 -1;1 1 0 1 1;1 1 1 0 1;-1 -1 -1 -1 0
136,56,0 -1 -1 -1 -1;-1 0 -1 -1 -1;1 1 0 1 1;1 1 1 0 1;0 0 0 0 0
137,414,0 -1 -1 -1 -1;-1 0 -1 -1 -1;1 1 0 1 1;1 1 1 0 2;-1 -1 -1 -1 0
138,183,0 -1 -1 -1 -1;-1 0 -1 -1 -1;1 1 0 1 1;1 1 1 0 4;-1 -1 -1 -1 0
139,656,0 -1 -1 -1 -1;-1 0 -1 -1 -1;1 1 0 1 1;2 2 2 0 2;-1 -1 -1 -1 0
140,398,0 -1 -1 -1 -1;-1 0 -1 -1 -1;1 1 0 1 1;3 3 3 0 3;-1 -1 -1 -1 0
141,362,0 -1 -1 -1 -1;-1 0 -1 -1 -1;1 1 0 1 1;3 3 3 0 6;-1 -1 -1 -1 0
142,248,0 -1 -1 -1 -1;-1 0 -1 -1 -1;1 1 0 2 1;-1 -1 -1 0 -1;-1 -1 -1 -1 0
143,248,0 -1 -1 -1 -1;-1 0 -1 -1 -1;1 1 0 2 1;-1 -1 -1 0 -1;0 0 0 0 0
144,248,0 -1 -1 -1 -1;-1 0 -1 -1 -1;1 1 0 2 1;0 0 0 0 0;-1 -1 -1 -1 0
145,399,0 -1 -1 -1 -1;-1 0 -1 -1 -1;1 1 0 3 1;1 1 1 0 1;-1 -1 -1 -1 0
146,312,0 -1 -1 -1 -1;-1 0 -1 -1 -1;1 1 0 4 1;-1 -1 -1 0 -1;-1 -1 -1 -1 0
147,91,0 -1 -1 -1 -1;-1 0 -1 -1 -1;1 1 0 4 1;-1 -1 -1 0 -1;0 0 0 0 0
148,312,0 -1 -1 -1 -1;-1 0 -1 -1 -1;1 1 0 4 1;-1 -1 -1 0 0;-1 -1 -1 -1 0
149,102,0 -1 -1 -1 -1;-1 0 -1 -1 -1;1 1 0 4 1;0 0 0 0 0;-1 -1 -1 -1 0
150,179,0 -1 -1 -1 -1;-1 0 -1 -1 -1;2 2 0 2 2;-1 -1 -1 0 -1;-1 -1 -1 -1 0
151,258,0 -1 -1 -1 -1;-1 0 -1 -1 -1;2 2 0 2 2;-1 -1 -1 0 -1;0 0 0 0 0
152,315,0 -1 -1 -1 -1;-1 0 -1 -1 -1;2 2 0 2 2;-1 -1 -1 0 -1;1 1 1 1 0
153,32,0 -1 -1 -1 -1;-1 0 -1 -1 -1;2 2 0 2 2;-1 -1 -1 0 -1;2 2 2 2 0
154,680,0 -1 -1 -1 -1;-1 0 -1 -1 -1;2 2 0 2 2;-1 -1 -1 0 -1;3 3 3 3 0
155,316,0 -1 -1 -1 -1;-1 0 -1 -1 -1;2 2 0 2 2;-1 -1 -1 0 -1;4 4 4 4 0
156,179,0 -1 -1 -1 -1;-1 0 -1 -1 -1;2 2 0 2 2;-1 -1 -1 0 0;0 0 0 0 0
157,56,0 -1 -1 -1 -1;-1 0 -1 -1 -1;2 2 0 2 2;-1 -1 -1 0 1;-1 -1 -1 -1 0
158,307,0 -1 -1 -1 -1;-1 0 -1 -1 -1;2 2 0 2 2;-1 -1 -1 0 1;0 0 0 0 0
159,465,0 -1 -1 -1 -1;-1 0 -1 -1 -1;2 2 0 2 2;-1 -1 -1 0 1;2 2 2 2 0
160,179,0 -1 -1 -1 -1;-1 0 -1 -1 -1;2 2 0 2 2;0 0 0 0 0;-1 -1 -1 -1 0
161,275,0 -1 -1 -1 -1;-1 0 -1 -1 -1;2 2 0 2 2;0 0 0 0 3;-1 -1 -1 -1 0
162,400,0 -1 -1 -1 -1;-1 0 -1 -1 -1;2 2 0 2 2;1 1 1 0 1;-1 -1 -1 -1 0
163,34,0 -1 -1 -1 -1;-1 0 -1 -1 -1;2 2 0 2 2;2 2 2 0 2;-1 -1 -1 -1 0
164,466,0 -1 -1 -1 -1;-1 0 -1 -1 -1;2 2 0 2 2;2 2 2 0 3;-1 -1 -1 -1 0
165,199,0 -1 -1 -1 -1;-1 0 -1 -1 -1;2 2 0 2 2;2 2 2 0 5;-1 -1 -1 -1 0
166,401,0 -1 -1 -1 -1;-1 0 -1 -1 -1;2 2 0 2 2;4 4 4 0 4;-1 -1 -1 -1 0
167,657,0 -1 -1 -1 -1;-1 0 -1 -1 -1;2 2 0 3 2;-1 -1 -1 0 -1;-1 -1 -1 -1 0
168,317,0 -1 -1 -1 -1;-1 0 -1 -1 -1;2 2 0 3 2;-1 -1 -1 0 -1;1 1 1 1 0
169,402,0 -1 -1 -1 -1;-1 0 -1 -1 -1;2 2 0 3 2;1 1 1 0 1;-1 -1 -1 -1 0
170,467,0 -1 -1 -1 -1;-1 0 -1 -1 -1;2 2 0 4 2;2 2 2 0 2;-1 -1 -1 -1 0
171,468,0 -1 -1 -1 -1;-1 0 -1 -1 -1;2 2 0 5 2;-1 -1 -1 0 -1;-1 -1 -1 -1 0
172,110,0 -1 -1 -1 -1;-1 0 -1 -1 -1;2 2 0 5 2;0 0 0 0 0;-1 -1 -1 -1 0
173,403,0 -1 -1 -1 -1;-1 0 -1 -1 -1;2 2 0 5 2;0 0 0 0 1;-1 -1 -1 -1 0
174,469,0 -1 -1 -1 -1;-1 0 -1 -1 -1;2 2 0 5 2;1 1 1 0 1;-1 -1 -1 -1 0
175,313,0 -1 -1 -1 -1;-1 0 -1 -1 -1;3 3 0 3 3;-1 -1 -1 0 -1;-1 -1 -1 -1 0
176,313,0 -1 -1 -1 -1;-1 0 -1 -1 -1;3 3 0 3 3;-1 -1 -1 0 -1;0 0 0 0 0
177,342,0 -1 -1 -1 -1;-1 0 -1 -1 -1;3 3 0 3 3;-1 -1 -1 0 -1;1 1 1 1 0
178,658,0 -1 -1 -1 -1;-1 0 -1 -1 -1;3 3 0 3 3;-1 -1 -1 0 -1;2 2 2 2 0
179,659,0 -1 -1 -1 -1;-1 0 -1 -1 -1;3 3 0 3 3;-1 -1 -1 0 -1;3 3 3 3 0
180,470,0 -1 -1 -1 -1;-1 0 -1 -1 -1;3 3 0 3 3;-1 -1 -1 0 -1;5 5 5 5 0
181,231,0 -1 -1 -1 -1;-1 0 -1 -1 -1;3 3 0 3 3;-1 -1 -1 0 0;-1 -1 -1 -1 0
182,313,0 -1 -1 -1 -1;-1 0 -1 -1 -1;3 3 0 3 3;-1 -1 -1 0 0;0 0 0 0 0
183,404,0 -1 -1 -1 -1;-1 0 -1 -1 -1;3 3 0 3 3;1 1 1 0 1;-1 -1 -1 -1 0
184,421,0 -1 -1 -1 -1;-1 0 -1 -1 -1;3 3 0 3 3;1 1 1 0 4;-1 -1 -1 -1 0
185,471,0 -1 -1 -1 -1;-1 0 -1 -1 -1;3 3 0 3 3;2 2 2 0 2;-1 -1 -1 -1 0
186,472,0 -1 -1 -1 -1;-1 0 -1 -1 -1;3 3 0 3 3;3 3 3 0 3;-1 -1 -1 -1 0
187,660,0 -1 -1 -1 -1;-1 0 -1 -1 -1;3 3 0 3 3;3 3 3 0 6;-1 -1 -1 -1 0
188,473,0 -1 -1 -1 -1;-1 0 -1 -1 -1;3 3 0 3 3;5 5 5 0 5;-1 -1 -1 -1 0
189,474,0 -1 -1 -1 -1;-1 0 -1 -1 -1;3 3 0 4 3;-1 -1 -1 0 -1;2 2 2 2 0
190,475,0 -1 -1 -1 -1;-1 0 -1 -1 -1;3 3 0 4 3;2 2 2 0 2;-1 -1 -1 -1 0
191,476,0 -1 -1 -1 -1;-1 0 -1 -1 -1;3 3 0 6 3;1 1 1 0 2;-1 -1 -1 -1 0
192,477,0 -1 -1 -1 -1;-1 0 -1 -1 -1;4 4 0 4 4;-1 -1 -1 0 -1;-1 -1 -1 -1 0
193,318,0 -1 -1 -1 -1;-1 0 -1 -1 -1;4 4 0 4 4;-1 -1 -1 0 -1;2 2 2 2 0
194,405,0 -1 -1 -1 -1;-1 0 -1 -1 -1;4 4 0 4 4;2 2 2 0 2;-1 -1 -1 -1 0
195,406,0 -1 -1 -1 -1;-1 0 -1 -1 -1;4 4 0 4 4;2 2 2 0 5;-1 -1 -1 -1 0
196,478,0 -1 -1 -1 -1;-1 0 -1 -1 -1;5 5 0 5 5;-1 -1 -1 0 -1;3 3 3 3 0
197,479,0 -1 -1 -1 -1;-1 0 -1 -1 -1;5 5 0 5 5;3 3 3 0 3;-1 -1 -1 -1 0
198,480,0 -1 -1 -1 -1;-1 0 -1 -1 -1;5 5 0 5 5;3 3 3 0 6;-1 -1 -1 -1 0
199,75,0 -1 -1 -1 -1;-1 0 0 -1 -1;-1 -1 0 -1 -1;-1 -1 -1 0 -1;-1 -1 -1 -1 0
200,20,0 -1 -1 -1 -1;-1 0 0 -1 -1;-1 -1 0 -1 -1;-1 -1 -1 0 -1;1 1 1 1 0
201,212,0 -1 -1 -1 -1;-1 0 0 -1 -1;-1 -1 0 -1 -1;-1 -1 -1 0 -1;3 3 3 3 0
202,75,0 -1 -1 -1 -1;-1 0 0 -1 -1;-1 -1 0 -1 -1;-1 -1 -1 0 0;-1 -1 -1 -1 0
203,47,0 -1 -1 -1 -1;-1 0 0 -1 -1;-1 -1 0 -1 -1;-1 -1 -1 0 0;0 0 0 0 0
204,36,0 -1 -1 -1 -1;-1 0 0 -1 -1;-1 -1 0 -1 -1;-1 -1 -1 0 0;1 1 1 1 0
205,212,0 -1 -1 -1 -1;-1 0 0 -1 -1;-1 -1 0 -1 -1;-1 -1 -1 0 0;3 3 3 3 0
206,273,0 -1 -1 -1 -1;-1 0 0 -1 -1;-1 -1 0 -1 -1;-1 -1 -1 0 2;-1 -1 -1 -1 0
207,146,0 -1 -1 -1 -1;-1 0 0 -1 -1;-1 -1 0 -1 -1;0 0 0 0 0;0 0 0 0 0
208,148,0 -1 -1 -1 -1;-1 0 0 -1 -1;-1 -1 0 -1 -1;0 0 0 0 2;0 0 0 0 0
209,151,0 -1 -1 -1 -1;-1 0 0 -1 -1;-1 -1 0 -1 -1;1 1 1 0 2;1 1 1 1 0
210,100,0 -1 -1 -1 -1;-1 0 0 -1 -1;-1 -1 0 -1 -1;1 1 1 0 4;-1 -1 -1 -1 0
211,137,0 -1 -1 -1 -1;-1 0 0 -1 -1;-1 -1 0 -1 -1;1 1 1 0 4;0 0 0 0 0
212,152,0 -1 -1 -1 -1;-1 0 0 -1 -1;-1 -1 0 -1 -1;1 1 1 0 4;1 1 1 1 0
213,162,0 -1 -1 -1 -1;-1 0 0 -1 -1;-1 -1 0 -1 -1;3 3 3 0 6;0 0 0 0 0
214,22,0 -1 -1 -1 -1;-1 0 0 -1 -1;-1 -1 0 0 -1;-1 -1 -1 0 -1;-1 -1 -1 -1 0
215,56,0 -1 -1 -1 -1;-1 0 0 -1 -1;-1 -1 0 0 -1;-1 -1 -1 0 2;-1 -1 -1 -1 0
216,165,0 -1 -1 -1 -1;-1 0 0 -1 -1;-1 -1 0 0 -1;1 1 1 0 2;-1 -1 -1 -1 0
217,243,0 -1 -1 -1 -1;-1 0 0 -1 -1;-1 -1 0 2 -1;-1 -1 -1 0 -1;-1 -1 -1 -1 0
218,105,0 -1 -1 -1 -1;-1 0 0 -1 -1;-1 -1 0 2 -1;0 0 0 0 0;-1 -1 -1 -1 0
219,24,0 -1 -1 -1 -1;-1 0 0 -1 -1;0 0 0 0 0;-1 -1 -1 0 -1;-1 -1 -1 -1 0
220,24,0 -1 -1 -1 -1;-1 0 0 -1 -1;0 0 0 0 0;-1 -1 -1 0 -1;0 0 0 0 0
221,189,0 -1 -1 -1 -1;-1 0 0 -1 -1;0 0 0 0 0;-1 -1 -1 0 -1;1 1 1 1 0
222,177,0 -1 -1 -1 -1;-1 0 0 -1 -1;0 0 0 0 0;-1 -1 -1 0 -1;2 2 2 2 0
223,395,0 -1 -1 -1 -1;-1 0 0 -1 -1;0 0 0 0 0;-1 -1 -1 0 -1;3 3 3 3 0
224,24,0 -1 -1 -1 -1;-1 0 0 -1 -1;0 0 0 0 0;-1 -1 -1 0 0;-1 -1 -1 -1 0
225,24,0 -1 -1 -1 -1;-1 0 0 -1 -1;0 0 0 0 0;-1 -1 -1 0 0;0 0 0 0 0
226,177,0 -1 -1 -1 -1;-1 0 0 -1 -1;0 0 0 0 0;-1 -1 -1 0 0;2 2 2 2 0
227,171,0 -1 -1 -1 -1;-1 0 0 -1 -1;0 0 0 0 0;-1 -1 -1 0 2;-1 -1 -1 -1 0
228,43,0 -1 -1 -1 -1;-1 0 0 -1 -1;0 0 0 0 0;1 1 1 0 1;-1 -1 -1 -1 0
229,137,0 -1 -1 -1 -1;-1 0 0 -1 -1;0 0 0 0 0;1 1 1 0 4;-1 -1 -1 -1 0
230,18,0 -1 -1 -1 -1;-1 0 0 -1 -1;1 1 0 1 1;-1 -1 -1 0 -1;-1 -1 -1 -1 0
231,158,0 -1 -1 -1 -1;-1 0 0 -1 -1;1 1 0 1 1;-1 -1 -1 0 -1;0 0 0 0 0
232,45,0 -1 -1 -1 -1;-1 0 0 -1 -1;1 1 0 1 1;-1 -1 -1 0 -1;1 1 1 1 0
233,18,0 -1 -1 -1 -1;-1 0 0 -1 -1;1 1 0 1 1;-1 -1 -1 0 0;-1 -1 -1 -1 0
234,45,0 -1 -1 -1 -1;-1 0 0 -1 -1;1 1 0 1 1;-1 -1 -1 0 0;1 1 1 1 0
235,145,0 -1 -1 -1 -1;-1 0 0 -1 -1;1 1 0 1 1;-1 -1 -1 0 2;-1 -1 -1 -1 0
236,166,0 -1 -1 -1 -1;-1 0 0 -1 -1;1 1 0 1 1;1 1 1 0 2;-1 -1 -1 -1 0
237,128,0 -1 -1 -1 -1;-1 0 0 -1 -1;1 1 0 1 1;1 1 1 0 4;-1 -1 -1 -1 0
238,656,0 -1 -1 -1 -1;-1 0 0 -1 -1;1 1 0 1 1;2 2 2 0 2;-1 -1 -1 -1 0
239,691,0 -1 -1 -1 -1;-1 0 0 -1 -1;1 1 0 2 1;-1 -1 -1 0 -1;-1 -1 -1 -1 0
240,481,0 -1 -1 -1 -1;-1 0 0 -1 -1;1 1 0 2 1;-1 -1 -1 0 -1;2 2 2 2 0
241,482,0 -1 -1 -1 -1;-1 0 0 -1 -1;1 1 0 2 1;2 2 2 0 2;-1 -1 -1 -1 0
242,483,0 -1 -1 -1 -1;-1 0 0 -1 -1;1 1 0 4 1;-1 -1 -1 0 -1;2 2 2 2 0
243,102,0 -1 -1 -1 -1;-1 0 0 -1 -1;1 1 0 4 1;0 0 0 0 2;-1 -1 -1 -1 0
244,680,0 -1 -1 -1 -1;-1 0 0 -1 -1;2 2 0 2 2;-1 -1 -1 0 -1;3 3 3 3 0
245,179,0 -1 -1 -1 -1;-1 0 0 -1 -1;2 2 0 2 2;-1 -1 -1 0 0;0 0 0 0 0
246,190,0 -1 -1 -1 -1;-1 0 0 -1 -1;3 3 0 3 3;-1 -1 -1 0 -1;1 1 1 1 0
247,231,0 -1 -1 -1 -1;-1 0 0 -1 -1;3 3 0 3 3;-1 -1 -1 0 0;-1 -1 -1 -1 0
248,168,0 -1 -1 -1 -1;-1 0 0 -1 -1;3 3 0 3 3;1 1 1 0 4;-1 -1 -1 -1 0
249,81,0 -1 -1 -1 -1;-1 0 1 -1 -1;-1 -1 0 -1 -1;-1 -1 -1 0 -1;-1 -1 -1 -1 0
250,81,0 -1 -1 -1 -1;-1 0 1 -1 -1;-1 -1 0 -1 -1;-1 -1 -1 0 -1;0 0 0 0 0
251,69,0 -1 -1 -1 -1;-1 0 1 -1 -1;-1 -1 0 -1 -1;-1 -1 -1 0 -1;1 1 1 1 0
252,87,0 -1 -1 -1 -1;-1 0 1 -1 -1;-1 -1 0 -1 -1;-1 -1 -1 0 -1;2 2 2 2 0
253,263,0 -1 -1 -1 -1;-1 0 1 -1 -1;-1 -1 0 -1 -1;-1 -1 -1 0 1;-1 -1 -1 -1 0
254,136,0 -1 -1 -1 -1;-1 0 1 -1 -1;-1 -1 0 -1 -1;-1 -1 -1 0 1;0 0 0 0 0
255,101,0 -1 -1 -1 -1;-1 0 1 -1 -1;-1 -1 0 -1 -1;-1 -1 -1 0 1;1 1 1 1 0
256,63,0 -1 -1 -1 -1;-1 0 1 -1 -1;-1 -1 0 -1 -1;0 0 0 0 0;-1 -1 -1 -1 0
257,263,0 -1 -1 -1 -1;-1 0 1 -1 -1;-1 -1 0 -1 -1;0 0 0 0 1;-1 -1 -1 -1 0
258,78,0 -1 -1 -1 -1;-1 0 1 -1 -1;-1 -1 0 -1 -1;0 0 0 0 1;0 0 0 0 0
259,90,0 -1 -1 -1 -1;-1 0 1 -1 -1;-1 -1 0 -1 -1;0 0 0 0 3;-1 -1 -1 -1 0
260,51,0 -1 -1 -1 -1;-1 0 1 -1 -1;-1 -1 0 -1 -1;0 0 0 0 3;0 0 0 0 0
261,165,0 -1 -1 -1 -1;-1 0 1 -1 -1;-1 -1 0 -1 -1;1 1 1 0 1;1 1 1 1 0
262,166,0 -1 -1 -1 -1;-1 0 1 -1 -1;-1 -1 0 -1 -1;1 1 1 0 3;1 1 1 1 0
263,173,0 -1 -1 -1 -1;-1 0 1 -1 -1;-1 -1 0 -1 -1;2 2 2 0 5;-1 -1 -1 -1 0
264,180,0 -1 -1 -1 -1;-1 0 1 -1 -1;-1 -1 0 1 -1;-1 -1 -1 0 -1;-1 -1 -1 -1 0
265,484,0 -1 -1 -1 -1;-1 0 1 -1 -1;-1 -1 0 1 -1;-1 -1 -1 0 -1;0 0 0 0 0
266,109,0 -1 -1 -1 -1;-1 0 1 -1 -1;-1 -1 0 1 -1;0 0 0 0 1;-1 -1 -1 -1 0
267,131,0 -1 -1 -1 -1;-1 0 1 -1 -1;0 0 0 0 0;-1 -1 -1 0 -1;-1 -1 -1 -1 0
268,81,0 -1 -1 -1 -1;-1 0 1 -1 -1;0 0 0 0 0;-1 -1 -1 0 -1;0 0 0 0 0
269,388,0 -1 -1 -1 -1;-1 0 1 -1 -1;0 0 0 0 0;-1 -1 -1 0 -1;2 2 2 2 0
270,148,0 -1 -1 -1 -1;-1 0 1 -1 -1;0 0 0 0 0;-1 -1 -1 0 1;-1 -1 -1 -1 0
271,263,0 -1 -1 -1 -1;-1 0 1 -1 -1;0 0 0 0 0;-1 -1 -1 0 1;0 0 0 0 0
272,178,0 -1 -1 -1 -1;-1 0 1 -1 -1;0 0 0 0 0;-1 -1 -1 0 1;2 2 2 2 0
273,90,0 -1 -1 -1 -1;-1 0 1 -1 -1;0 0 0 0 0;0 0 0 0 3;-1 -1 -1 -1 0
274,176,0 -1 -1 -1 -1;-1 0 1 -1 -1;0 0 0 0 0;0 0 0 0 3;0 0 0 0 0
275,167,0 -1 -1 -1 -1;-1 0 1 -1 -1;0 0 0 0 0;0 0 0 0 3;2 2 2 2 0
276,68,0 -1 -1 -1 -1;-1 0 1 -1 -1;0 0 0 0 0;1 1 1 0 1;-1 -1 -1 -1 0
277,415,0 -1 -1 -1 -1;-1 0 1 -1 -1;0 0 0 0 0;2 2 2 0 5;-1 -1 -1 -1 0
278,168,0 -1 -1 -1 -1;-1 0 1 -1 -1;0 0 0 0 0;2 2 2 0 5;0 0 0 0 0
279,107,0 -1 -1 -1 -1;-1 0 1 -1 -1;0 0 0 1 0;-1 -1 -1 0 -1;1 1 1 1 0
280,26,0 -1 -1 -1 -1;-1 0 1 -1 -1;0 0 0 1 0;0 0 0 0 1;-1 -1 -1 -1 0
281,69,0 -1 -1 -1 -1;-1 0 1 -1 -1;0 0 0 1 0;1 1 1 0 1;-1 -1 -1 -1 0
282,242,0 -1 -1 -1 -1;-1 0 1 -1 -1;0 0 0 3 0;-1 -1 -1 0 -1;-1 -1 -1 -1 0
283,109,0 -1 -1 -1 -1;-1 0 1 -1 -1;0 0 0 3 0;-1 -1 -1 0 -1;1 1 1 1 0
284,431,0 -1 -1 -1 -1;-1 0 1 -1 -1;1 1 0 1 1;-1 -1 -1 0 -1;-1 -1 -1 -1 0
285,180,0 -1 -1 -1 -1;-1 0 1 -1 -1;1 1 0 1 1;-1 -1 -1 0 -1;0 0 0 0 0
286,128,0 -1 -1 -1 -1;-1 0 1 -1 -1;1 1 0 1 1;-1 -1 -1 0 -1;2 2 2 2 0
287,135,0 -1 -1 -1 -1;-1 0 1 -1 -1;1 1 0 1 1;-1 -1 -1 0 1;-1 -1 -1 -1 0
288,114,0 -1 -1 -1 -1;-1 0 1 -1 -1;1 1 0 1 1;0 0 0 0 3;-1 -1 -1 -1 0
289,319,0 -1 -1 -1 -1;-1 0 1 -1 -1;2 2 0 2 2;-1 -1 -1 0 -1;0 0 0 0 0
290,485,0 -1 -1 -1 -1;-1 0 1 -1 -1;2 2 0 2 2;-1 -1 -1 0 -1;2 2 2 2 0
291,178,0 -1 -1 -1 -1;-1 0 1 -1 -1;2 2 0 2 2;-1 -1 -1 0 1;0 0 0 0 0
292,486,0 -1 -1 -1 -1;-1 0 1 -1 -1;2 2 0 2 2;-1 -1 -1 0 1;2 2 2 2 0
293,79,0 -1 -1 -1 -1;-1 0 1 -1 -1;2 2 0 2 2;0 0 0 0 3;-1 -1 -1 -1 0
294,487,0 -1 -1 -1 -1;-1 0 1 -1 -1;2 2 0 2 2;2 2 2 0 5;-1 -1 -1 -1 0
295,93,0 -1 -1 -1 -1;-1 0 2 -1 -1;-1 -1 0 -1 -1;-1 -1 -1 0 -1;-1 -1 -1 -1 0
296,213,0 -1 -1 -1 -1;-1 0 2 -1 -1;-1 -1 0 -1 -1;-1 -1 -1 0 -1;1 1 1 1 0
297,93,0 -1 -1 -1 -1;-1 0 2 -1 -1;-1 -1 0 -1 -1;-1 -1 -1 0 0;-1 -1 -1 -1 0
298,93,0 -1 -1 -1 -1;-1 0 2 -1 -1;-1 -1 0 -1 -1;-1 -1 -1 0 0;0 0 0 0 0
299,98,0 -1 -1 -1 -1;-1 0 2 -1 -1;-1 -1 0 -1 -1;-1 -1 -1 0 0;1 1 1 1 0
300,184,0 -1 -1 -1 -1;-1 0 2 -1 -1;-1 -1 0 -1 -1;-1 -1 -1 0 2;-1 -1 -1 -1 0
301,75,0 -1 -1 -1 -1;-1 0 2 -1 -1;-1 -1 0 -1 -1;1 1 1 0 2;-1 -1 -1 -1 0
302,392,0 -1 -1 -1 -1;-1 0 2 -1 -1;-1 -1 0 -1 -1;1 1 1 0 4;-1 -1 -1 -1 0
303,52,0 -1 -1 -1 -1;-1 0 2 -1 -1;-1 -1 0 2 -1;-1 -1 -1 0 -1;1 1 1 1 0
304,84,0 -1 -1 -1 -1;0 0 0 0 0;-1 -1 0 -1 -1;-1 -1 -1 0 -1;-1 -1 -1 -1 0
305,24,0 -1 -1 -1 -1;0 0 0 0 0;-1 -1 0 -1 -1;-1 -1 -1 0 -1;0 0 0 0 0
306,20,0 -1 -1 -1 -1;0 0 0 0 0;-1 -1 0 -1 -1;-1 -1 -1 0 -1;1 1 1 1 0
307,177,0 -1 -1 -1 -1;0 0 0 0 0;-1 -1 0 -1 -1;-1 -1 -1 0 -1;2 2 2 2 0
308,22,0 -1 -1 -1 -1;0 0 0 0 0;-1 -1 0 -1 -1;-1 -1 -1 0 0;-1 -1 -1 -1 0
309,24,0 -1 -1 -1 -1;0 0 0 0 0;-1 -1 0 -1 -1;-1 -1 -1 0 0;0 0 0 0 0
310,27,0 -1 -1 -1 -1;0 0 0 0 0;-1 -1 0 -1 -1;-1 -1 -1 0 1;-1 -1 -1 -1 0
311,24,0 -1 -1 -1 -1;0 0 0 0 0;-1 -1 0 -1 -1;0 0 0 0 0;-1 -1 -1 -1 0
312,24,0 -1 -1 -1 -1;0 0 0 0 0;-1 -1 0 -1 -1;0 0 0 0 0;0 0 0 0 0
313,89,0 -1 -1 -1 -1;0 0 0 0 0;-1 -1 0 -1 -1;0 0 0 0 1;-1 -1 -1 -1 0
314,273,0 -1 -1 -1 -1;0 0 0 0 0;-1 -1 0 -1 -1;0 0 0 0 2;-1 -1 -1 -1 0
315,98,0 -1 -1 -1 -1;0 0 0 0 0;-1 -1 0 -1 -1;0 0 0 0 3;-1 -1 -1 -1 0
316,12,0 -1 -1 -1 -1;0 0 0 0 0;-1 -1 0 -1 -1;1 1 1 0 1;-1 -1 -1 -1 0
317,63,0 -1 -1 -1 -1;0 0 0 0 0;-1 -1 0 -1 -1;1 1 1 0 1;1 1 1 1 0
318,222,0 -1 -1 -1 -1;0 0 0 0 0;-1 -1 0 -1 -1;2 2 2 0 2;-1 -1 -1 -1 0
319,84,0 -1 -1 -1 -1;0 0 0 0 0;-1 -1 0 0 -1;-1 -1 -1 0 -1;-1 -1 -1 -1 0
320,24,0 -1 -1 -1 -1;0 0 0 0 0;-1 -1 0 0 -1;-1 -1 -1 0 -1;0 0 0 0 0
321,24,0 -1 -1 -1 -1;0 0 0 0 0;-1 -1 0 0 -1;0 0 0 0 0;-1 -1 -1 -1 0
322,217,0 -1 -1 -1 -1;0 0 0 0 0;-1 -1 0 0 -1;1 1 1 0 1;-1 -1 -1 -1 0
323,78,0 -1 -1 -1 -1;0 0 0 0 0;-1 -1 0 1 -1;-1 -1 -1 0 -1;0 0 0 0 0
324,24,0 -1 -1 -1 -1;0 0 0 0 0;0 0 0 0 0;-1 -1 -1 0 -1;-1 -1 -1 -1 0
325,24,0 -1 -1 -1 -1;0 0 0 0 0;0 0 0 0 0;-1 -1 -1 0 -1;0 0 0 0 0
326,24,0 -1 -1 -1 -1;0 0 0 0 0;0 0 0 0 0;-1 -1 -1 0 0;-1 -1 -1 -1 0
327,128,0 -1 -1 -1 -1;0 0 0 0 0;0 0 0 0 0;-1 -1 -1 0 0;1 1 1 1 0
328,24,0 -1 -1 -1 -1;0 0 0 0 0;0 0 0 0 0;0 0 0 0 0;-1 -1 -1 -1 0
329,24,0 -1 -1 -1 -1;0 0 0 0 0;0 0 0 0 0;0 0 0 0 0;0 0 0 0 0
330,63,0 -1 -1 -1 -1;0 0 0 0 0;0 0 0 0 0;1 1 1 0 1;1 1 1 1 0
331,276,0 -1 -1 -1 -1;0 0 0 0 0;0 0 0 0 0;1 1 1 0 2;-1 -1 -1 -1 0
332,78,0 -1 -1 -1 -1;0 0 0 0 0;0 0 0 1 0;-1 -1 -1 0 -1;-1 -1 -1 -1 0
333,243,0 -1 -1 -1 -1;0 0 0 0 0;0 0 0 2 0;-1 -1 -1 0 -1;-1 -1 -1 -1 0
334,105,0 -1 -1 -1 -1;0 0 0 0 0;1 1 0 1 1;-1 -1 -1 0 -1;-1 -1 -1 -1 0
335,45,0 -1 -1 -1 -1;0 0 0 0 0;1 1 0 1 1;-1 -1 -1 0 -1;1 1 1 1 0
336,45,0 -1 -1 -1 -1;0 0 0 0 0;1 1 0 1 1;0 0 0 0 0;1 1 1 1 0
337,56,0 -1 -1 -1 -1;0 0 0 0 0;1 1 0 1 1;1 1 1 0 1;-1 -1 -1 -1 0
338,56,0 -1 -1 -1 -1;0 0 0 0 0;1 1 0 1 1;1 1 1 0 1;0 0 0 0 0
339,312,0 -1 -1 -1 -1;0 0 0 0 0;1 1 0 4 1;-1 -1 -1 0 -1;-1 -1 -1 -1 0
340,312,0 -1 -1 -1 -1;0 0 0 0 0;1 1 0 4 1;-1 -1 -1 0 -1;0 0 0 0 0
341,179,0 -1 -1 -1 -1;0 0 0 0 0;2 2 0 2 2;-1 -1 -1 0 -1;-1 -1 -1 -1 0
342,657,0 -1 -1 -1 -1;0 0 0 0 0;2 2 0 3 2;-1 -1 -1 0 -1;-1 -1 -1 -1 0
343,81,0 -1 -1 -1 -1;0 0 1 0 0;-1 -1 0 -1 -1;-1 -1 -1 0 -1;-1 -1 -1 -1 0
344,81,0 -1 -1 -1 -1;0 0 1 0 0;-1 -1 0 -1 -1;-1 -1 -1 0 -1;0 0 0 0 0
345,388,0 -1 -1 -1 -1;0 0 1 0 0;-1 -1 0 -1 -1;-1 -1 -1 0 -1;2 2 2 2 0
346,65,0 -1 -1 -1 -1;0 0 1 0 0;-1 -1 0 -1 -1;-1 -1 -1 0 1;-1 -1 -1 -1 0
347,81,0 -1 -1 -1 -1;0 0 1 0 0;-1 -1 0 -1 -1;0 0 0 0 0;-1 -1 -1 -1 0
348,114,0 -1 -1 -1 -1;0 0 1 0 0;-1 -1 0 -1 -1;1 1 1 0 1;-1 -1 -1 -1 0
349,133,0 -1 -1 -1 -1;0 0 1 0 0;-1 -1 0 1 -1;-1 -1 -1 0 -1;0 0 0 0 0
350,25,0 -1 -1 -1 -1;0 0 1 0 0;-1 -1 0 1 -1;0 0 0 0 0;0 0 0 0 0
351,265,0 -1 -1 -1 -1;0 0 1 0 0;0 0 0 0 0;-1 -1 -1 0 -1;-1 -1 -1 -1 0
352,136,0 -1 -1 -1 -1;0 0 1 0 0;0 0 0 0 0;-1 -1 -1 0 1;-1 -1 -1 -1 0
353,133,0 -1 -1 -1 -1;0 0 1 0 0;0 0 0 1 0;-1 -1 -1 0 -1;0 0 0 0 0
354,28,0 -1 -1 -1 -1;0 0 1 0 0;0 0 0 1 0;0 0 0 0 3;0 0 0 0 0
355,242,0 -1 -1 -1 -1;0 0 1 0 0;0 0 0 3 0;-1 -1 -1 0 -1;-1 -1 -1 -1 0
356,160,0 -1 -1 -1 -1;0 0 1 0 0;0 0 0 3 0;-1 -1 -1 0 -1;0 0 0 0 0
357,25,0 -1 -1 -1 -1;0 0 1 0 0;0 0 0 3 0;-1 -1 -1 0 -1;2 2 2 2 0
358,32,0 -1 -1 -1 -1;0 0 1 0 0;0 0 0 3 0;-1 -1 -1 0 1;-1 -1 -1 -1 0
359,132,0 -1 -1 -1 -1;0 0 1 0 0;0 0 0 3 0;0 0 0 0 3;-1 -1 -1 -1 0
360,181,0 -1 -1 -1 -1;0 0 1 0 0;0 0 0 3 0;2 2 2 0 5;-1 -1 -1 -1 0
361,136,0 -1 -1 -1 -1;0 0 1 0 0;1 1 0 1 1;-1 -1 -1 0 -1;-1 -1 -1 -1 0
362,488,0 -1 -1 -1 -1;0 0 1 0 0;2 2 0 3 2;-1 -1 -1 0 -1;-1 -1 -1 -1 0
363,182,0 -1 -1 -1 -1;0 0 1 0 0;2 2 0 5 2;-1 -1 -1 0 -1;0 0 0 0 0
364,103,0 -1 -1 -1 -1;0 0 1 0 0;2 2 0 5 2;0 0 0 0 3;-1 -1 -1 -1 0
365,690,0 -1 -1 -1 -1;0 0 2 0 0;-1 -1 0 -1 -1;-1 -1 -1 0 -1;-1 -1 -1 -1 0
366,93,0 -1 -1 -1 -1;0 0 2 0 0;-1 -1 0 -1 -1;-1 -1 -1 0 -1;0 0 0 0 0
367,213,0 -1 -1 -1 -1;0 0 2 0 0;-1 -1 0 -1 -1;-1 -1 -1 0 -1;1 1 1 1 0
368,93,0 -1 -1 -1 -1;0 0 2 0 0;-1 -1 0 -1 -1;0 0 0 0 0;-1 -1 -1 -1 0
369,183,0 -1 -1 -1 -1;0 0 2 0 0;-1 -1 0 -1 -1;0 0 0 0 2;-1 -1 -1 -1 0
370,489,0 -1 -1 -1 -1;0 0 2 0 0;-1 -1 0 -1 -1;1 1 1 0 2;-1 -1 -1 -1 0
371,39,0 -1 -1 -1 -1;0 0 2 0 0;-1 -1 0 0 -1;-1 -1 -1 0 0;0 0 0 0 0
372,93,0 -1 -1 -1 -1;0 0 2 0 0;0 0 0 0 0;-1 -1 -1 0 -1;-1 -1 -1 -1 0
373,661,0 -1 -1 -1 -1;0 0 2 0 0;2 2 0 2 2;-1 -1 -1 0 -1;-1 -1 -1 -1 0
374,67,0 -1 -1 -1 -1;0 0 3 0 0;-1 -1 0 -1 -1;-1 -1 -1 0 -1;-1 -1 -1 -1 0
375,85,0 -1 -1 -1 -1;0 0 3 0 0;-1 -1 0 -1 -1;-1 -1 -1 0 -1;0 0 0 0 0
376,137,0 -1 -1 -1 -1;0 0 3 0 0;-1 -1 0 -1 -1;-1 -1 -1 0 -1;1 1 1 1 0
377,237,0 -1 -1 -1 -1;0 0 3 0 0;-1 -1 0 -1 -1;-1 -1 -1 0 -1;2 2 2 2 0
378,97,0 -1 -1 -1 -1;0 0 3 0 0;-1 -1 0 -1 -1;-1 -1 -1 0 1;-1 -1 -1 -1 0
379,97,0 -1 -1 -1 -1;0 0 3 0 0;-1 -1 0 -1 -1;-1 -1 -1 0 1;0 0 0 0 0
380,31,0 -1 -1 -1 -1;0 0 3 0 0;-1 -1 0 -1 -1;-1 -1 -1 0 1;2 2 2 2 0
381,97,0 -1 -1 -1 -1;0 0 3 0 0;-1 -1 0 -1 -1;0 0 0 0 1;-1 -1 -1 -1 0
382,141,0 -1 -1 -1 -1;0 0 3 0 0;-1 -1 0 -1 -1;0 0 0 0 1;0 0 0 0 0
383,71,0 -1 -1 -1 -1;0 0 3 0 0;-1 -1 0 -1 -1;0 0 0 0 1;2 2 2 2 0
384,432,0 -1 -1 -1 -1;0 0 3 0 0;-1 -1 0 -1 -1;0 0 0 0 3;-1 -1 -1 -1 0
385,149,0 -1 -1 -1 -1;0 0 3 0 0;-1 -1 0 -1 -1;1 1 1 0 1;-1 -1 -1 -1 0
386,172,0 -1 -1 -1 -1;0 0 3 0 0;-1 -1 0 -1 -1;2 2 2 0 5;-1 -1 -1 -1 0
387,66,0 -1 -1 -1 -1;0 0 3 0 0;-1 -1 0 1 -1;-1 -1 -1 0 -1;-1 -1 -1 -1 0
388,32,0 -1 -1 -1 -1;0 0 3 0 0;-1 -1 0 1 -1;-1 -1 -1 0 -1;0 0 0 0 0
389,85,0 -1 -1 -1 -1;0 0 3 0 0;0 0 0 0 0;-1 -1 -1 0 -1;0 0 0 0 0
390,181,0 -1 -1 -1 -1;0 0 3 0 0;0 0 0 0 0;-1 -1 -1 0 1;0 0 0 0 0
391,182,0 -1 -1 -1 -1;0 0 3 0 0;0 0 0 3 0;-1 -1 -1 0 -1;0 0 0 0 0
392,75,0 -1 -1 -1 -1;0 0 3 0 0;2 2 0 2 2;-1 -1 -1 0 -1;0 0 0 0 0
393,80,0 -1 -1 -1 -1;0 0 3 0 0;2 2 0 2 2;-1 -1 -1 0 1;0 0 0 0 0
394,184,0 -1 -1 -1 -1;0 0 3 0 0;2 2 0 5 2;-1 -1 -1 0 -1;0 0 0 0 0
395,21,0 -1 -1 -1 -1;1 0 1 1 1;-1 -1 0 -1 -1;-1 -1 -1 0 -1;-1 -1 -1 -1 0
396,21,0 -1 -1 -1 -1;1 0 1 1 1;-1 -1 0 -1 -1;-1 -1 -1 0 -1;0 0 0 0 0
397,60,0 -1 -1 -1 -1;1 0 1 1 1;-1 -1 0 -1 -1;-1 -1 -1 0 -1;1 1 1 1 0
398,212,0 -1 -1 -1 -1;1 0 1 1 1;-1 -1 0 -1 -1;-1 -1 -1 0 -1;2 2 2 2 0
399,381,0 -1 -1 -1 -1;1 0 1 1 1;-1 -1 0 -1 -1;-1 -1 -1 0 -1;3 3 3 3 0
400,37,0 -1 -1 -1 -1;1 0 1 1 1;-1 -1 0 -1 -1;-1 -1 -1 0 1;-1 -1 -1 -1 0
401,21,0 -1 -1 -1 -1;1 0 1 1 1;-1 -1 0 -1 -1;0 0 0 0 0;-1 -1 -1 -1 0
402,60,0 -1 -1 -1 -1;1 0 1 1 1;-1 -1 0 -1 -1;0 0 0 0 0;1 1 1 1 0
403,423,0 -1 -1 -1 -1;1 0 1 1 1;-1 -1 0 -1 -1;0 0 0 0 1;-1 -1 -1 -1 0
404,50,0 -1 -1 -1 -1;1 0 1 1 1;-1 -1 0 -1 -1;1 1 1 0 1;-1 -1 -1 -1 0
405,50,0 -1 -1 -1 -1;1 0 1 1 1;-1 -1 0 -1 -1;1 1 1 0 1;0 0 0 0 0
406,430,0 -1 -1 -1 -1;1 0 1 1 1;-1 -1 0 -1 -1;1 1 1 0 2;-1 -1 -1 -1 0
407,424,0 -1 -1 -1 -1;1 0 1 1 1;-1 -1 0 -1 -1;1 1 1 0 3;-1 -1 -1 -1 0
408,662,0 -1 -1 -1 -1;1 0 1 1 1;-1 -1 0 -1 -1;1 1 1 0 4;-1 -1 -1 -1 0
409,425,0 -1 -1 -1 -1;1 0 1 1 1;-1 -1 0 -1 -1;3 3 3 0 3;-1 -1 -1 -1 0
410,29,0 -1 -1 -1 -1;1 0 1 1 1;-1 -1 0 1 -1;-1 -1 -1 0 -1;-1 -1 -1 -1 0
411,88,0 -1 -1 -1 -1;1 0 1 1 1;-1 -1 0 1 -1;-1 -1 -1 0 -1;0 0 0 0 0
412,104,0 -1 -1 -1 -1;1 0 1 1 1;-1 -1 0 1 -1;-1 -1 -1 0 -1;1 1 1 1 0
413,111,0 -1 -1 -1 -1;1 0 1 1 1;-1 -1 0 1 -1;-1 -1 -1 0 -1;2 2 2 2 0
414,117,0 -1 -1 -1 -1;1 0 1 1 1;-1 -1 0 1 -1;-1 -1 -1 0 1;-1 -1 -1 -1 0
415,306,0 -1 -1 -1 -1;1 0 1 1 1;0 0 0 0 0;-1 -1 -1 0 -1;-1 -1 -1 -1 0
416,60,0 -1 -1 -1 -1;1 0 1 1 1;0 0 0 0 0;-1 -1 -1 0 -1;1 1 1 1 0
417,60,0 -1 -1 -1 -1;1 0 1 1 1;0 0 0 0 0;0 0 0 0 0;1 1 1 1 0
418,50,0 -1 -1 -1 -1;1 0 1 1 1;0 0 0 0 0;1 1 1 0 1;-1 -1 -1 -1 0
419,50,0 -1 -1 -1 -1;1 0 1 1 1;0 0 0 0 0;1 1 1 0 1;0 0 0 0 0
420,48,0 -1 -1 -1 -1;1 0 1 1 1;1 1 0 1 1;-1 -1 -1 0 -1;-1 -1 -1 -1 0
421,48,0 -1 -1 -1 -1;1 0 1 1 1;1 1 0 1 1;-1 -1 -1 0 -1;0 0 0 0 0
422,95,0 -1 -1 -1 -1;1 0 1 1 1;1 1 0 1 1;-1 -1 -1 0 1;-1 -1 -1 -1 0
423,48,0 -1 -1 -1 -1;1 0 1 1 1;1 1 0 1 1;0 0 0 0 0;-1 -1 -1 -1 0
424,48,0 -1 -1 -1 -1;1 0 1 1 1;1 1 0 1 1;0 0 0 0 0;0 0 0 0 0
425,444,0 -1 -1 -1 -1;1 0 1 1 1;1 1 0 2 1;-1 -1 -1 0 -1;-1 -1 -1 -1 0
426,433,0 -1 -1 -1 -1;1 0 1 1 1;1 1 0 3 1;-1 -1 -1 0 -1;-1 -1 -1 -1 0
427,434,0 -1 -1 -1 -1;1 0 1 1 1;3 3 0 3 3;-1 -1 -1 0 -1;-1 -1 -1 -1 0
428,216,0 -1 -1 -1 -1;1 0 2 1 1;-1 -1 0 -1 -1;-1 -1 -1 0 -1;-1 -1 -1 -1 0
429,254,0 -1 -1 -1 -1;1 0 2 1 1;-1 -1 0 -1 -1;-1 -1 -1 0 -1;0 0 0 0 0
430,490,0 -1 -1 -1 -1;1 0 2 1 1;-1 -1 0 -1 -1;-1 -1 -1 0 -1;1 1 1 1 0
431,254,0 -1 -1 -1 -1;1 0 2 1 1;-1 -1 0 -1 -1;0 0 0 0 0;-1 -1 -1 -1 0
432,491,0 -1 -1 -1 -1;1 0 2 1 1;-1 -1 0 -1 -1;1 1 1 0 1;-1 -1 -1 -1 0
433,107,0 -1 -1 -1 -1;1 0 2 1 1;-1 -1 0 0 -1;0 0 0 0 0;-1 -1 -1 -1 0
434,135,0 -1 -1 -1 -1;1 0 2 1 1;-1 -1 0 0 -1;1 1 1 0 1;-1 -1 -1 -1 0
435,182,0 -1 -1 -1 -1;1 0 2 1 1;-1 -1 0 2 -1;-1 -1 -1 0 -1;-1 -1 -1 -1 0
436,225,0 -1 -1 -1 -1;1 0 2 1 1;-1 -1 0 2 -1;-1 -1 -1 0 2;-1 -1 -1 -1 0
437,254,0 -1 -1 -1 -1;1 0 2 1 1;0 0 0 0 0;-1 -1 -1 0 -1;-1 -1 -1 -1 0
438,445,0 -1 -1 -1 -1;1 0 2 1 1;1 1 0 1 1;-1 -1 -1 0 -1;-1 -1 -1 -1 0
439,104,0 -1 -1 -1 -1;1 0 2 1 1;1 1 0 2 1;-1 -1 -1 0 2;-1 -1 -1 -1 0
440,214,0 -1 -1 -1 -1;1 0 3 1 1;-1 -1 0 -1 -1;-1 -1 -1 0 -1;-1 -1 -1 -1 0
441,492,0 -1 -1 -1 -1;1 0 3 1 1;-1 -1 0 -1 -1;-1 -1 -1 0 -1;0 0 0 0 0
442,493,0 -1 -1 -1 -1;1 0 3 1 1;-1 -1 0 -1 -1;-1 -1 -1 0 -1;1 1 1 1 0
443,369,0 -1 -1 -1 -1;1 0 3 1 1;-1 -1 0 -1 -1;-1 -1 -1 0 -1;2 2 2 2 0
444,214,0 -1 -1 -1 -1;1 0 3 1 1;-1 -1 0 -1 -1;0 0 0 0 0;-1 -1 -1 -1 0
445,494,0 -1 -1 -1 -1;1 0 3 1 1;-1 -1 0 -1 -1;1 1 1 0 1;-1 -1 -1 -1 0
446,495,0 -1 -1 -1 -1;1 0 3 1 1;-1 -1 0 -1 -1;2 2 2 0 3;-1 -1 -1 -1 0
447,156,0 -1 -1 -1 -1;1 0 3 1 1;0 0 0 1 0;-1 -1 -1 0 -1;-1 -1 -1 -1 0
448,435,0 -1 -1 -1 -1;1 0 3 1 1;1 1 0 1 1;-1 -1 -1 0 -1;-1 -1 -1 -1 0
449,106,0 -1 -1 -1 -1;1 0 3 1 1;1 1 0 1 1;-1 -1 -1 0 1;-1 -1 -1 -1 0
450,88,0 -1 -1 -1 -1;1 0 4 1 1;-1 -1 0 -1 -1;-1 -1 -1 0 -1;-1 -1 -1 -1 0
451,115,0 -1 -1 -1 -1;1 0 4 1 1;-1 -1 0 -1 -1;-1 -1 -1 0 -1;0 0 0 0 0
452,111,0 -1 -1 -1 -1;1 0 4 1 1;-1 -1 0 -1 -1;-1 -1 -1 0 -1;1 1 1 1 0
453,389,0 -1 -1 -1 -1;1 0 4 1 1;-1 -1 0 -1 -1;-1 -1 -1 0 -1;3 3 3 3 0
454,88,0 -1 -1 -1 -1;1 0 4 1 1;-1 -1 0 -1 -1;-1 -1 -1 0 0;-1 -1 -1 -1 0
455,90,0 -1 -1 -1 -1;1 0 4 1 1;-1 -1 0 -1 -1;-1 -1 -1 0 0;0 0 0 0 0
456,111,0 -1 -1 -1 -1;1 0 4 1 1;-1 -1 0 -1 -1;-1 -1 -1 0 0;1 1 1 1 0
457,188,0 -1 -1 -1 -1;1 0 4 1 1;-1 -1 0 -1 -1;-1 -1 -1 0 0;3 3 3 3 0
458,382,0 -1 -1 -1 -1;1 0 4 1 1;-1 -1 0 -1 -1;-1 -1 -1 0 2;-1 -1 -1 -1 0
459,88,0 -1 -1 -1 -1;1 0 4 1 1;-1 -1 0 -1 -1;0 0 0 0 0;-1 -1 -1 -1 0
460,88,0 -1 -1 -1 -1;1 0 4 1 1;-1 -1 0 -1 -1;0 0 0 0 0;0 0 0 0 0
461,128,0 -1 -1 -1 -1;1 0 4 1 1;-1 -1 0 -1 -1;0 0 0 0 2;0 0 0 0 0
462,162,0 -1 -1 -1 -1;1 0 4 1 1;-1 -1 0 -1 -1;1 1 1 0 1;-1 -1 -1 -1 0
463,681,0 -1 -1 -1 -1;1 0 4 1 1;-1 -1 0 -1 -1;1 1 1 0 2;-1 -1 -1 -1 0
464,246,0 -1 -1 -1 -1;1 0 4 1 1;-1 -1 0 -1 -1;1 1 1 0 4;-1 -1 -1 -1 0
465,383,0 -1 -1 -1 -1;1 0 4 1 1;-1 -1 0 -1 -1;3 3 3 0 6;-1 -1 -1 -1 0
466,449,0 -1 -1 -1 -1;1 0 4 1 1;-1 -1 0 0 -1;-1 -1 -1 0 -1;-1 -1 -1 -1 0
467,72,0 -1 -1 -1 -1;1 0 4 1 1;0 0 0 0 0;-1 -1 -1 0 -1;-1 -1 -1 -1 0
468,126,0 -1 -1 -1 -1;1 0 4 1 1;0 0 0 2 0;-1 -1 -1 0 -1;-1 -1 -1 -1 0
469,239,0 -1 -1 -1 -1;2 0 2 2 2;-1 -1 0 -1 -1;-1 -1 -1 0 -1;-1 -1 -1 -1 0
470,239,0 -1 -1 -1 -1;2 0 2 2 2;-1 -1 0 -1 -1;-1 -1 -1 0 -1;0 0 0 0 0
471,33,0 -1 -1 -1 -1;2 0 2 2 2;-1 -1 0 -1 -1;-1 -1 -1 0 -1;2 2 2 2 0
472,496,0 -1 -1 -1 -1;2 0 2 2 2;-1 -1 0 -1 -1;-1 -1 -1 0 -1;3 3 3 3 0
473,370,0 -1 -1 -1 -1;2 0 2 2 2;-1 -1 0 -1 -1;-1 -1 -1 0 -1;4 4 4 4 0
474,239,0 -1 -1 -1 -1;2 0 2 2 2;-1 -1 0 -1 -1;-1 -1 -1 0 0;0 0 0 0 0
475,239,0 -1 -1 -1 -1;2 0 2 2 2;-1 -1 0 -1 -1;0 0 0 0 0;-1 -1 -1 -1 0
476,663,0 -1 -1 -1 -1;2 0 2 2 2;-1 -1 0 -1 -1;1 1 1 0 2;-1 -1 -1 -1 0
477,28,0 -1 -1 -1 -1;2 0 2 2 2;-1 -1 0 -1 -1;2 2 2 0 2;-1 -1 -1 -1 0
478,497,0 -1 -1 -1 -1;2 0 2 2 2;-1 -1 0 -1 -1;2 2 2 0 3;-1 -1 -1 -1 0
479,498,0 -1 -1 -1 -1;2 0 2 2 2;-1 -1 0 -1 -1;2 2 2 0 4;-1 -1 -1 -1 0
480,426,0 -1 -1 -1 -1;2 0 2 2 2;-1 -1 0 -1 -1;4 4 4 0 4;-1 -1 -1 -1 0
481,239,0 -1 -1 -1 -1;2 0 2 2 2;-1 -1 0 0 -1;0 0 0 0 0;-1 -1 -1 -1 0
482,239,0 -1 -1 -1 -1;2 0 2 2 2;0 0 0 0 0;-1 -1 -1 0 -1;-1 -1 -1 -1 0
483,436,0 -1 -1 -1 -1;2 0 2 2 2;1 1 0 1 1;-1 -1 -1 0 -1;-1 -1 -1 -1 0
484,31,0 -1 -1 -1 -1;2 0 2 2 2;2 2 0 2 2;-1 -1 -1 0 -1;-1 -1 -1 -1 0
485,499,0 -1 -1 -1 -1;2 0 2 2 2;2 2 0 3 2;-1 -1 -1 0 -1;-1 -1 -1 -1 0
486,500,0 -1 -1 -1 -1;2 0 2 2 2;2 2 0 4 2;-1 -1 -1 0 -1;-1 -1 -1 -1 0
487,437,0 -1 -1 -1 -1;2 0 2 2 2;4 4 0 4 4;-1 -1 -1 0 -1;-1 -1 -1 -1 0
488,501,0 -1 -1 -1 -1;2 0 3 2 2;-1 -1 0 -1 -1;-1 -1 -1 0 -1;-1 -1 -1 -1 0
489,502,0 -1 -1 -1 -1;2 0 3 2 2;-1 -1 0 -1 -1;-1 -1 -1 0 -1;1 1 1 1 0
490,503,0 -1 -1 -1 -1;2 0 3 2 2;-1 -1 0 -1 -1;-1 -1 -1 0 -1;2 2 2 2 0
491,427,0 -1 -1 -1 -1;2 0 3 2 2;-1 -1 0 -1 -1;1 1 1 0 1;-1 -1 -1 -1 0
492,504,0 -1 -1 -1 -1;2 0 3 2 2;-1 -1 0 -1 -1;2 2 2 0 2;-1 -1 -1 -1 0
493,134,0 -1 -1 -1 -1;2 0 3 2 2;0 0 0 0 0;-1 -1 -1 0 -1;-1 -1 -1 -1 0
494,438,0 -1 -1 -1 -1;2 0 3 2 2;1 1 0 1 1;-1 -1 -1 0 -1;-1 -1 -1 -1 0
495,505,0 -1 -1 -1 -1;2 0 3 2 2;2 2 0 2 2;-1 -1 -1 0 -1;-1 -1 -1 -1 0
496,397,0 -1 -1 -1 -1;2 0 4 2 2;-1 -1 0 -1 -1;-1 -1 -1 0 -1;-1 -1 -1 -1 0
497,664,0 -1 -1 -1 -1;2 0 4 2 2;-1 -1 0 -1 -1;-1 -1 -1 0 -1;3 3 3 3 0
498,166,0 -1 -1 -1 -1;2 0 4 2 2;-1 -1 0 0 -1;-1 -1 -1 0 -1;-1 -1 -1 -1 0
499,506,0 -1 -1 -1 -1;2 0 4 2 2;2 2 0 2 2;-1 -1 -1 0 -1;-1 -1 -1 -1 0
500,79,0 -1 -1 -1 -1;2 0 5 2 2;-1 -1 0 -1 -1;-1 -1 -1 0 -1;-1 -1 -1 -1 0
501,185,0 -1 -1 -1 -1;2 0 5 2 2;-1 -1 0 -1 -1;-1 -1 -1 0 -1;0 0 0 0 0
502,165,0 -1 -1 -1 -1;2 0 5 2 2;-1 -1 0 -1 -1;-1 -1 -1 0 -1;2 2 2 2 0
503,371,0 -1 -1 -1 -1;2 0 5 2 2;-1 -1 0 -1 -1;-1 -1 -1 0 -1;4 4 4 4 0
504,266,0 -1 -1 -1 -1;2 0 5 2 2;-1 -1 0 -1 -1;-1 -1 -1 0 1;-1 -1 -1 -1 0
505,266,0 -1 -1 -1 -1;2 0 5 2 2;-1 -1 0 -1 -1;-1 -1 -1 0 1;0 0 0 0 0
506,507,0 -1 -1 -1 -1;2 0 5 2 2;-1 -1 0 -1 -1;-1 -1 -1 0 1;2 2 2 2 0
507,124,0 -1 -1 -1 -1;2 0 5 2 2;-1 -1 0 -1 -1;0 0 0 0 0;-1 -1 -1 -1 0
508,185,0 -1 -1 -1 -1;2 0 5 2 2;-1 -1 0 -1 -1;0 0 0 0 1;0 0 0 0 0
509,208,0 -1 -1 -1 -1;2 0 5 2 2;-1 -1 0 -1 -1;0 0 0 0 3;-1 -1 -1 -1 0
510,508,0 -1 -1 -1 -1;2 0 5 2 2;-1 -1 0 -1 -1;2 2 2 0 2;-1 -1 -1 -1 0
511,186,0 -1 -1 -1 -1;2 0 5 2 2;-1 -1 0 -1 -1;2 2 2 0 5;-1 -1 -1 -1 0
512,215,0 -1 -1 -1 -1;2 0 5 2 2;-1 -1 0 1 -1;0 0 0 0 0;-1 -1 -1 -1 0
513,79,0 -1 -1 -1 -1;2 0 5 2 2;0 0 0 0 0;-1 -1 -1 0 -1;-1 -1 -1 -1 0
514,79,0 -1 -1 -1 -1;2 0 5 2 2;0 0 0 0 0;-1 -1 -1 0 -1;0 0 0 0 0
515,139,0 -1 -1 -1 -1;2 0 5 2 2;0 0 0 0 0;-1 -1 -1 0 1;0 0 0 0 0
516,249,0 -1 -1 -1 -1;2 0 5 2 2;0 0 0 1 0;-1 -1 -1 0 -1;-1 -1 -1 -1 0
517,163,0 -1 -1 -1 -1;2 0 5 2 2;0 0 0 3 0;-1 -1 -1 0 -1;-1 -1 -1 -1 0
518,147,0 -1 -1 -1 -1;2 0 5 2 2;0 0 0 3 0;-1 -1 -1 0 -1;0 0 0 0 0
519,509,0 -1 -1 -1 -1;2 0 5 2 2;1 1 0 1 1;-1 -1 -1 0 -1;-1 -1 -1 -1 0
520,510,0 -1 -1 -1 -1;3 0 3 3 3;-1 -1 0 -1 -1;-1 -1 -1 0 -1;-1 -1 -1 -1 0
521,372,0 -1 -1 -1 -1;3 0 3 3 3;-1 -1 0 -1 -1;-1 -1 -1 0 -1;1 1 1 1 0
522,511,0 -1 -1 -1 -1;3 0 3 3 3;-1 -1 0 -1 -1;-1 -1 -1 0 -1;3 3 3 3 0
523,512,0 -1 -1 -1 -1;3 0 3 3 3;-1 -1 0 -1 -1;-1 -1 -1 0 -1;5 5 5 5 0
524,428,0 -1 -1 -1 -1;3 0 3 3 3;-1 -1 0 -1 -1;1 1 1 0 1;-1 -1 -1 -1 0
525,513,0 -1 -1 -1 -1;3 0 3 3 3;-1 -1 0 -1 -1;3 3 3 0 3;-1 -1 -1 -1 0
526,514,0 -1 -1 -1 -1;3 0 3 3 3;-1 -1 0 -1 -1;5 5 5 0 5;-1 -1 -1 -1 0
527,439,0 -1 -1 -1 -1;3 0 3 3 3;1 1 0 1 1;-1 -1 -1 0 -1;-1 -1 -1 -1 0
528,515,0 -1 -1 -1 -1;3 0 3 3 3;2 2 0 2 2;-1 -1 -1 0 -1;-1 -1 -1 -1 0
529,516,0 -1 -1 -1 -1;3 0 3 3 3;3 3 0 3 3;-1 -1 -1 0 -1;-1 -1 -1 -1 0
530,517,0 -1 -1 -1 -1;3 0 3 3 3;5 5 0 5 5;-1 -1 -1 0 -1;-1 -1 -1 -1 0
531,518,0 -1 -1 -1 -1;3 0 4 3 3;-1 -1 0 -1 -1;2 2 2 0 2;-1 -1 -1 -1 0
532,519,0 -1 -1 -1 -1;3 0 4 3 3;2 2 0 2 2;-1 -1 -1 0 -1;-1 -1 -1 -1 0
533,419,0 -1 -1 -1 -1;3 0 6 3 3;-1 -1 0 -1 -1;-1 -1 -1 0 -1;-1 -1 -1 -1 0
534,419,0 -1 -1 -1 -1;3 0 6 3 3;-1 -1 0 -1 -1;-1 -1 -1 0 -1;0 0 0 0 0
535,329,0 -1 -1 -1 -1;3 0 6 3 3;-1 -1 0 -1 -1;-1 -1 -1 0 -1;1 1 1 1 0
536,665,0 -1 -1 -1 -1;3 0 6 3 3;-1 -1 0 -1 -1;-1 -1 -1 0 -1;3 3 3 3 0
537,520,0 -1 -1 -1 -1;3 0 6 3 3;-1 -1 0 -1 -1;-1 -1 -1 0 -1;5 5 5 5 0
538,363,0 -1 -1 -1 -1;3 0 6 3 3;-1 -1 0 -1 -1;1 1 1 0 4;-1 -1 -1 -1 0
539,666,0 -1 -1 -1 -1;3 0 6 3 3;-1 -1 0 -1 -1;3 3 3 0 6;-1 -1 -1 -1 0
540,419,0 -1 -1 -1 -1;3 0 6 3 3;-1 -1 0 0 -1;-1 -1 -1 0 -1;-1 -1 -1 -1 0
541,116,0 -1 -1 -1 -1;3 0 6 3 3;-1 -1 0 2 -1;-1 -1 -1 0 -1;-1 -1 -1 -1 0
542,419,0 -1 -1 -1 -1;3 0 6 3 3;0 0 0 0 0;-1 -1 -1 0 -1;-1 -1 -1 -1 0
543,150,0 -1 -1 -1 -1;3 0 6 3 3;0 0 0 0 0;-1 -1 -1 0 0;-1 -1 -1 -1 0
544,521,0 -1 -1 -1 -1;3 0 6 3 3;1 1 0 1 1;-1 -1 -1 0 -1;-1 -1 -1 -1 0
545,667,0 -1 -1 -1 -1;3 0 6 3 3;1 1 0 2 1;-1 -1 -1 0 -1;-1 -1 -1 -1 0
546,373,0 -1 -1 -1 -1;4 0 4 4 4;-1 -1 0 -1 -1;-1 -1 -1 0 -1;2 2 2 2 0
547,429,0 -1 -1 -1 -1;4 0 4 4 4;-1 -1 0 -1 -1;2 2 2 0 2;-1 -1 -1 -1 0
548,440,0 -1 -1 -1 -1;4 0 4 4 4;2 2 0 2 2;-1 -1 -1 0 -1;-1 -1 -1 -1 0
549,522,0 -1 -1 -1 -1;4 0 7 4 4;1 1 0 1 1;-1 -1 -1 0 -1;-1 -1 -1 -1 0
550,523,0 -1 -1 -1 -1;5 0 5 5 5;-1 -1 0 -1 -1;-1 -1 -1 0 -1;3 3 3 3 0
551,524,0 -1 -1 -1 -1;5 0 5 5 5;-1 -1 0 -1 -1;3 3 3 0 3;-1 -1 -1 -1 0
552,525,0 -1 -1 -1 -1;5 0 5 5 5;3 3 0 3 3;-1 -1 -1 0 -1;-1 -1 -1 -1 0
553,232,0 -1 0 -1 0;-1 0 -1 -1 -1;-1 -1 0 -1 -1;-1 -1 -1 0 -1;-1 -1 -1 -1 0
554,212,0 -1 0 -1 0;-1 0 -1 -1 -1;-1 -1 0 -1 -1;-1 -1 -1 0 -1;3 3 3 3 0
555,22,0 -1 0 -1 0;-1 0 -1 -1 -1;-1 -1 0 -1 -1;-1 -1 -1 0 0;-1 -1 -1 -1 0
556,212,0 -1 0 -1 0;-1 0 -1 -1 -1;-1 -1 0 -1 -1;-1 -1 -1 0 0;3 3 3 3 0
557,273,0 -1 0 -1 0;-1 0 -1 -1 -1;-1 -1 0 -1 -1;-1 -1 -1 0 2;-1 -1 -1 -1 0
558,100,0 -1 0 -1 0;-1 0 -1 -1 -1;-1 -1 0 -1 -1;1 1 1 0 4;-1 -1 -1 -1 0
559,162,0 -1 0 -1 0;-1 0 -1 -1 -1;-1 -1 0 -1 -1;3 3 3 0 6;0 0 0 0 0
560,24,0 -1 0 -1 0;-1 0 -1 -1 -1;0 0 0 0 0;-1 -1 -1 0 -1;0 0 0 0 0
561,395,0 -1 0 -1 0;-1 0 -1 -1 -1;0 0 0 0 0;-1 -1 -1 0 -1;3 3 3 3 0
562,24,0 -1 0 -1 0;-1 0 -1 -1 -1;0 0 0 0 0;-1 -1 -1 0 0;0 0 0 0 0
563,61,0 -1 0 -1 0;-1 0 -1 -1 -1;0 0 0 0 0;-1 -1 -1 0 2;-1 -1 -1 -1 0
564,95,0 -1 0 -1 0;-1 0 -1 -1 -1;1 1 0 1 1;-1 -1 -1 0 -1;1 1 1 1 0
565,18,0 -1 0 -1 0;-1 0 -1 -1 -1;1 1 0 1 1;-1 -1 -1 0 0;0 0 0 0 0
566,45,0 -1 0 -1 0;-1 0 -1 -1 -1;1 1 0 1 1;-1 -1 -1 0 0;1 1 1 1 0
567,145,0 -1 0 -1 0;-1 0 -1 -1 -1;1 1 0 1 1;-1 -1 -1 0 2;-1 -1 -1 -1 0
568,128,0 -1 0 -1 0;-1 0 -1 -1 -1;1 1 0 1 1;1 1 1 0 4;-1 -1 -1 -1 0
569,179,0 -1 0 -1 0;-1 0 -1 -1 -1;2 2 0 2 2;-1 -1 -1 0 0;0 0 0 0 0
570,231,0 -1 0 -1 0;-1 0 -1 -1 -1;3 3 0 3 3;-1 -1 -1 0 -1;-1 -1 -1 -1 0
571,313,0 -1 0 -1 0;-1 0 -1 -1 -1;3 3 0 3 3;-1 -1 -1 0 -1;0 0 0 0 0
572,231,0 -1 0 -1 0;-1 0 -1 -1 -1;3 3 0 3 3;-1 -1 -1 0 0;-1 -1 -1 -1 0
573,342,0 -1 0 -1 0;-1 0 -1 -1 -1;3 3 0 3 3;-1 -1 -1 0 0;1 1 1 1 0
574,658,0 -1 0 -1 0;-1 0 -1 -1 -1;3 3 0 3 3;-1 -1 -1 0 0;2 2 2 2 0
575,168,0 -1 0 -1 0;-1 0 -1 -1 -1;3 3 0 3 3;1 1 1 0 4;-1 -1 -1 -1 0
576,22,0 -1 0 -1 0;-1 0 0 -1 -1;-1 -1 0 -1 -1;-1 -1 -1 0 -1;-1 -1 -1 -1 0
577,212,0 -1 0 -1 0;-1 0 0 -1 -1;-1 -1 0 -1 -1;-1 -1 -1 0 -1;3 3 3 3 0
578,22,0 -1 0 -1 0;-1 0 0 -1 -1;-1 -1 0 -1 -1;-1 -1 -1 0 0;-1 -1 -1 -1 0
579,24,0 -1 0 -1 0;-1 0 0 -1 -1;-1 -1 0 -1 -1;-1 -1 -1 0 0;0 0 0 0 0
580,20,0 -1 0 -1 0;-1 0 0 -1 -1;-1 -1 0 -1 -1;-1 -1 -1 0 0;1 1 1 1 0
581,273,0 -1 0 -1 0;-1 0 0 -1 -1;-1 -1 0 -1 -1;-1 -1 -1 0 2;-1 -1 -1 -1 0
582,31,0 -1 0 -1 0;-1 0 0 -1 -1;-1 -1 0 -1 -1;-1 -1 -1 0 2;1 1 1 1 0
583,24,0 -1 0 -1 0;-1 0 0 -1 -1;-1 -1 0 -1 -1;0 0 0 0 0;-1 -1 -1 -1 0
584,30,0 -1 0 -1 0;-1 0 0 -1 -1;-1 -1 0 -1 -1;0 0 0 0 2;0 0 0 0 0
585,155,0 -1 0 -1 0;-1 0 0 -1 -1;-1 -1 0 -1 -1;1 1 1 0 4;-1 -1 -1 -1 0
586,111,0 -1 0 -1 0;-1 0 0 -1 -1;-1 -1 0 -1 -1;1 1 1 0 4;1 1 1 1 0
587,162,0 -1 0 -1 0;-1 0 0 -1 -1;-1 -1 0 -1 -1;3 3 3 0 6;0 0 0 0 0
588,24,0 -1 0 -1 0;-1 0 0 -1 -1;0 0 0 0 0;-1 -1 -1 0 -1;0 0 0 0 0
589,20,0 -1 0 -1 0;-1 0 0 -1 -1;0 0 0 0 0;-1 -1 -1 0 -1;1 1 1 1 0
590,177,0 -1 0 -1 0;-1 0 0 -1 -1;0 0 0 0 0;-1 -1 -1 0 -1;2 2 2 2 0
591,24,0 -1 0 -1 0;-1 0 0 -1 -1;0 0 0 0 0;-1 -1 -1 0 0;-1 -1 -1 -1 0
592,24,0 -1 0 -1 0;-1 0 0 -1 -1;0 0 0 0 0;-1 -1 -1 0 0;0 0 0 0 0
593,240,0 -1 0 -1 0;-1 0 0 -1 -1;0 0 0 0 0;-1 -1 -1 0 0;1 1 1 1 0
594,395,0 -1 0 -1 0;-1 0 0 -1 -1;0 0 0 0 0;-1 -1 -1 0 0;3 3 3 3 0
595,171,0 -1 0 -1 0;-1 0 0 -1 -1;0 0 0 0 0;-1 -1 -1 0 2;-1 -1 -1 -1 0
596,155,0 -1 0 -1 0;-1 0 0 -1 -1;0 0 0 0 0;1 1 1 0 4;-1 -1 -1 -1 0
597,685,0 -1 0 -1 0;-1 0 0 -1 -1;0 0 0 0 0;3 3 3 0 6;-1 -1 -1 -1 0
598,45,0 -1 0 -1 0;-1 0 0 -1 -1;1 1 0 1 1;-1 -1 -1 0 -1;1 1 1 1 0
599,341,0 -1 0 -1 0;-1 0 0 -1 -1;1 1 0 1 1;-1 -1 -1 0 -1;3 3 3 3 0
600,18,0 -1 0 -1 0;-1 0 0 -1 -1;1 1 0 1 1;-1 -1 -1 0 0;-1 -1 -1 -1 0
601,238,0 -1 0 -1 0;-1 0 0 -1 -1;1 1 0 1 1;-1 -1 -1 0 0;0 0 0 0 0
602,95,0 -1 0 -1 0;-1 0 0 -1 -1;1 1 0 1 1;-1 -1 -1 0 0;1 1 1 1 0
603,341,0 -1 0 -1 0;-1 0 0 -1 -1;1 1 0 1 1;-1 -1 -1 0 0;3 3 3 3 0
604,145,0 -1 0 -1 0;-1 0 0 -1 -1;1 1 0 1 1;-1 -1 -1 0 2;-1 -1 -1 -1 0
605,35,0 -1 0 -1 0;-1 0 0 -1 -1;1 1 0 1 1;-1 -1 -1 0 2;1 1 1 1 0
606,166,0 -1 0 -1 0;-1 0 0 -1 -1;1 1 0 1 1;0 0 0 0 2;1 1 1 1 0
607,128,0 -1 0 -1 0;-1 0 0 -1 -1;1 1 0 1 1;1 1 1 0 4;-1 -1 -1 -1 0
608,128,0 -1 0 -1 0;-1 0 0 -1 -1;1 1 0 1 1;1 1 1 0 4;0 0 0 0 0
609,362,0 -1 0 -1 0;-1 0 0 -1 -1;1 1 0 1 1;3 3 3 0 6;-1 -1 -1 -1 0
610,680,0 -1 0 -1 0;-1 0 0 -1 -1;2 2 0 2 2;-1 -1 -1 0 -1;3 3 3 3 0
611,231,0 -1 0 -1 0;-1 0 0 -1 -1;3 3 0 3 3;-1 -1 -1 0 -1;-1 -1 -1 -1 0
612,313,0 -1 0 -1 0;-1 0 0 -1 -1;3 3 0 3 3;-1 -1 -1 0 0;0 0 0 0 0
613,342,0 -1 0 -1 0;-1 0 0 -1 -1;3 3 0 3 3;-1 -1 -1 0 0;1 1 1 1 0
614,659,0 -1 0 -1 0;-1 0 0 -1 -1;3 3 0 3 3;-1 -1 -1 0 0;3 3 3 3 0
615,421,0 -1 0 -1 0;-1 0 0 -1 -1;3 3 0 3 3;1 1 1 0 4;-1 -1 -1 -1 0
616,660,0 -1 0 -1 0;-1 0 0 -1 -1;3 3 0 3 3;3 3 3 0 6;-1 -1 -1 -1 0
617,93,0 -1 0 -1 0;-1 0 2 -1 -1;-1 -1 0 -1 -1;-1 -1 -1 0 -1;-1 -1 -1 -1 0
618,93,0 -1 0 -1 0;-1 0 2 -1 -1;-1 -1 0 -1 -1;-1 -1 -1 0 -1;0 0 0 0 0
619,98,0 -1 0 -1 0;-1 0 2 -1 -1;-1 -1 0 -1 -1;-1 -1 -1 0 -1;1 1 1 1 0
620,93,0 -1 0 -1 0;-1 0 2 -1 -1;-1 -1 0 -1 -1;-1 -1 -1 0 0;-1 -1 -1 -1 0
621,183,0 -1 0 -1 0;-1 0 2 -1 -1;-1 -1 0 -1 -1;-1 -1 -1 0 0;0 0 0 0 0
622,98,0 -1 0 -1 0;-1 0 2 -1 -1;-1 -1 0 -1 -1;-1 -1 -1 0 0;1 1 1 1 0
623,184,0 -1 0 -1 0;-1 0 2 -1 -1;-1 -1 0 -1 -1;-1 -1 -1 0 2;-1 -1 -1 -1 0
624,209,0 -1 0 -1 0;-1 0 2 -1 -1;-1 -1 0 -1 -1;-1 -1 -1 0 2;0 0 0 0 0
625,209,0 -1 0 -1 0;-1 0 2 -1 -1;-1 -1 0 -1 -1;0 0 0 0 2;0 0 0 0 0
626,84,0 -1 0 -1 0;-1 0 2 -1 -1;-1 -1 0 -1 -1;1 1 1 0 4;-1 -1 -1 -1 0
627,226,0 -1 0 -1 0;-1 0 2 -1 -1;0 0 0 0 0;-1 -1 -1 0 2;-1 -1 -1 -1 0
628,392,0 -1 0 -1 0;-1 0 2 -1 -1;0 0 0 0 0;1 1 1 0 4;-1 -1 -1 -1 0
629,34,0 -1 0 -1 0;-1 0 2 -1 -1;1 1 0 1 1;-1 -1 -1 0 0;-1 -1 -1 -1 0
630,37,0 -1 0 -1 0;-1 0 2 -1 -1;1 1 0 1 1;-1 -1 -1 0 0;1 1 1 1 0
631,49,0 -1 0 -1 0;-1 0 2 -1 -1;1 1 0 1 1;1 1 1 0 4;-1 -1 -1 -1 0
632,24,0 -1 0 -1 0;0 0 0 0 0;-1 -1 0 -1 -1;-1 -1 -1 0 0;-1 -1 -1 -1 0
633,117,0 -1 0 -1 0;0 0 2 0 0;-1 -1 0 -1 -1;1 1 1 0 4;1 1 1 1 0
634,38,0 -1 0 -1 0;0 0 2 0 0;0 0 0 0 0;-1 -1 -1 0 0;-1 -1 -1 -1 0
635,226,0 -1 0 -1 0;0 0 2 0 0;0 0 0 0 0;-1 -1 -1 0 2;-1 -1 -1 -1 0
636,167,0 -1 0 -1 0;0 0 2 0 0;1 1 0 1 1;-1 -1 -1 0 0;1 1 1 1 0
637,162,0 -1 0 -1 0;0 0 2 0 0;1 1 0 1 1;0 0 0 0 2;1 1 1 1 0
638,202,0 -1 0 -1 0;0 0 2 0 0;1 1 0 1 1;1 1 1 0 4;-1 -1 -1 -1 0
639,202,0 -1 0 -1 0;0 0 2 0 0;1 1 0 1 1;1 1 1 0 4;0 0 0 0 0
640,88,0 -1 0 -1 0;1 0 4 1 1;-1 -1 0 -1 -1;-1 -1 -1 0 -1;-1 -1 -1 -1 0
641,111,0 -1 0 -1 0;1 0 4 1 1;-1 -1 0 -1 -1;-1 -1 -1 0 -1;1 1 1 1 0
642,188,0 -1 0 -1 0;1 0 4 1 1;-1 -1 0 -1 -1;-1 -1 -1 0 -1;3 3 3 3 0
643,123,0 -1 0 -1 0;1 0 4 1 1;-1 -1 0 -1 -1;-1 -1 -1 0 0;-1 -1 -1 -1 0
644,123,0 -1 0 -1 0;1 0 4 1 1;-1 -1 0 -1 -1;-1 -1 -1 0 0;0 0 0 0 0
645,112,0 -1 0 -1 0;1 0 4 1 1;-1 -1 0 -1 -1;-1 -1 -1 0 0;1 1 1 1 0
646,389,0 -1 0 -1 0;1 0 4 1 1;-1 -1 0 -1 -1;-1 -1 -1 0 0;3 3 3 3 0
647,128,0 -1 0 -1 0;1 0 4 1 1;-1 -1 0 -1 -1;-1 -1 -1 0 2;-1 -1 -1 -1 0
648,382,0 -1 0 -1 0;1 0 4 1 1;-1 -1 0 -1 -1;-1 -1 -1 0 2;0 0 0 0 0
649,150,0 -1 0 -1 0;1 0 4 1 1;-1 -1 0 -1 -1;-1 -1 -1 0 2;1 1 1 1 0
650,173,0 -1 0 -1 0;1 0 4 1 1;-1 -1 0 -1 -1;0 0 0 0 2;1 1 1 1 0
651,82,0 -1 0 -1 0;1 0 4 1 1;-1 -1 0 -1 -1;1 1 1 0 4;-1 -1 -1 -1 0
652,82,0 -1 0 -1 0;1 0 4 1 1;-1 -1 0 -1 -1;1 1 1 0 4;0 0 0 0 0
653,383,0 -1 0 -1 0;1 0 4 1 1;-1 -1 0 -1 -1;3 3 3 0 6;-1 -1 -1 -1 0
654,111,0 -1 0 -1 0;1 0 4 1 1;0 0 0 0 0;-1 -1 -1 0 0;1 1 1 1 0
655,173,0 -1 0 -1 0;1 0 4 1 1;0 0 0 0 0;0 0 0 0 2;1 1 1 1 0
656,82,0 -1 0 -1 0;1 0 4 1 1;0 0 0 0 0;1 1 1 0 4;-1 -1 -1 -1 0
657,82,0 -1 0 -1 0;1 0 4 1 1;0 0 0 0 0;1 1 1 0 4;0 0 0 0 0
658,94,0 -1 0 -1 0;1 0 4 1 1;1 1 0 1 1;-1 -1 -1 0 0;-1 -1 -1 -1 0
659,103,0 -1 0 -1 0;1 0 4 1 1;1 1 0 1 1;0 0 0 0 2;-1 -1 -1 -1 0
660,419,0 -1 0 -1 0;3 0 6 3 3;-1 -1 0 -1 -1;-1 -1 -1 0 0;0 0 0 0 0
661,329,0 -1 0 -1 0;3 0 6 3 3;-1 -1 0 -1 -1;-1 -1 -1 0 0;1 1 1 1 0
662,665,0 -1 0 -1 0;3 0 6 3 3;-1 -1 0 -1 -1;-1 -1 -1 0 0;3 3 3 3 0
663,363,0 -1 0 -1 0;3 0 6 3 3;-1 -1 0 -1 -1;1 1 1 0 4;-1 -1 -1 -1 0
664,666,0 -1 0 -1 0;3 0 6 3 3;-1 -1 0 -1 -1;3 3 3 0 6;-1 -1 -1 -1 0
665,150,0 -1 0 -1 0;3 0 6 3 3;0 0 0 0 0;-1 -1 -1 0 -1;-1 -1 -1 -1 0
666,150,0 -1 0 -1 0;3 0 6 3 3;0 0 0 0 0;-1 -1 -1 0 0;-1 -1 -1 -1 0
667,330,0 -1 1 -1 1;-1 0 -1 -1 -1;-1 -1 0 -1 -1;-1 -1 -1 0 -1;-1 -1 -1 -1 0
668,330,0 -1 1 -1 1;-1 0 -1 -1 -1;-1 -1 0 -1 -1;-1 -1 -1 0 -1;0 0 0 0 0
669,136,0 -1 1 -1 1;-1 0 -1 -1 -1;-1 -1 0 -1 -1;-1 -1 -1 0 -1;2 2 2 2 0
670,331,0 -1 1 -1 1;-1 0 -1 -1 -1;-1 -1 0 -1 -1;-1 -1 -1 0 1;-1 -1 -1 -1 0
671,169,0 -1 1 -1 1;-1 0 -1 -1 -1;-1 -1 0 -1 -1;-1 -1 -1 0 1;0 0 0 0 0
672,175,0 -1 1 -1 1;-1 0 -1 -1 -1;-1 -1 0 -1 -1;0 0 0 0 3;-1 -1 -1 -1 0
673,330,0 -1 1 -1 1;-1 0 -1 -1 -1;0 0 0 0 0;-1 -1 -1 0 -1;-1 -1 -1 -1 0
674,343,0 -1 1 -1 1;-1 0 -1 -1 -1;0 0 0 0 0;-1 -1 -1 0 -1;0 0 0 0 0
675,186,0 -1 1 -1 1;-1 0 -1 -1 -1;0 0 0 0 0;-1 -1 -1 0 -1;2 2 2 2 0
676,77,0 -1 1 -1 1;-1 0 -1 -1 -1;0 0 0 0 0;-1 -1 -1 0 1;-1 -1 -1 -1 0
677,332,0 -1 1 -1 1;-1 0 -1 -1 -1;0 0 0 0 0;-1 -1 -1 0 1;0 0 0 0 0
678,188,0 -1 1 -1 1;-1 0 -1 -1 -1;0 0 0 0 0;-1 -1 -1 0 1;2 2 2 2 0
679,175,0 -1 1 -1 1;-1 0 -1 -1 -1;0 0 0 0 0;0 0 0 0 3;-1 -1 -1 -1 0
680,180,0 -1 1 -1 1;-1 0 -1 -1 -1;0 0 0 0 0;0 0 0 0 3;0 0 0 0 0
681,170,0 -1 1 -1 1;-1 0 -1 -1 -1;0 0 0 0 0;0 0 0 0 3;2 2 2 2 0
682,416,0 -1 1 -1 1;-1 0 -1 -1 -1;0 0 0 0 0;2 2 2 0 5;-1 -1 -1 -1 0
683,171,0 -1 1 -1 1;-1 0 -1 -1 -1;0 0 0 0 0;2 2 2 0 5;0 0 0 0 0
684,138,0 -1 1 -1 1;-1 0 -1 -1 -1;1 1 0 1 1;-1 -1 -1 0 1;-1 -1 -1 -1 0
685,140,0 -1 1 -1 1;-1 0 -1 -1 -1;2 2 0 2 2;-1 -1 -1 0 -1;-1 -1 -1 -1 0
686,186,0 -1 1 -1 1;-1 0 -1 -1 -1;2 2 0 2 2;-1 -1 -1 0 -1;0 0 0 0 0
687,526,0 -1 1 -1 1;-1 0 -1 -1 -1;2 2 0 2 2;-1 -1 -1 0 -1;2 2 2 2 0
688,60,0 -1 1 -1 1;-1 0 -1 -1 -1;2 2 0 2 2;-1 -1 -1 0 1;0 0 0 0 0
689,143,0 -1 1 -1 1;-1 0 -1 -1 -1;2 2 0 2 2;-1 -1 -1 0 1;1 1 1 1 0
690,527,0 -1 1 -1 1;-1 0 -1 -1 -1;2 2 0 2 2;-1 -1 -1 0 1;2 2 2 2 0
691,85,0 -1 1 -1 1;-1 0 -1 -1 -1;2 2 0 2 2;0 0 0 0 3;-1 -1 -1 -1 0
692,528,0 -1 1 -1 1;-1 0 -1 -1 -1;2 2 0 2 2;2 2 2 0 5;-1 -1 -1 -1 0
693,333,0 -1 1 -1 1;-1 0 1 -1 -1;-1 -1 0 -1 -1;-1 -1 -1 0 -1;-1 -1 -1 -1 0
694,48,0 -1 1 -1 1;-1 0 1 -1 -1;-1 -1 0 -1 -1;-1 -1 -1 0 -1;0 0 0 0 0
695,144,0 -1 1 -1 1;-1 0 1 -1 -1;-1 -1 0 -1 -1;-1 -1 -1 0 -1;1 1 1 1 0
696,209,0 -1 1 -1 1;-1 0 1 -1 -1;-1 -1 0 -1 -1;-1 -1 -1 0 1;-1 -1 -1 -1 0
697,187,0 -1 1 -1 1;-1 0 1 -1 -1;-1 -1 0 -1 -1;-1 -1 -1 0 1;0 0 0 0 0
698,154,0 -1 1 -1 1;-1 0 1 -1 -1;-1 -1 0 -1 -1;-1 -1 -1 0 1;1 1 1 1 0
699,147,0 -1 1 -1 1;-1 0 1 -1 -1;-1 -1 0 -1 -1;-1 -1 -1 0 1;2 2 2 2 0
700,333,0 -1 1 -1 1;-1 0 1 -1 -1;-1 -1 0 -1 -1;0 0 0 0 0;-1 -1 -1 -1 0
701,187,0 -1 1 -1 1;-1 0 1 -1 -1;-1 -1 0 -1 -1;0 0 0 0 1;0 0 0 0 0
702,67,0 -1 1 -1 1;-1 0 1 -1 -1;-1 -1 0 -1 -1;0 0 0 0 3;-1 -1 -1 -1 0
703,67,0 -1 1 -1 1;-1 0 1 -1 -1;-1 -1 0 -1 -1;0 0 0 0 3;0 0 0 0 0
704,198,0 -1 1 -1 1;-1 0 1 -1 -1;-1 -1 0 -1 -1;0 0 0 0 3;2 2 2 2 0
705,107,0 -1 1 -1 1;-1 0 1 -1 -1;-1 -1 0 -1 -1;2 2 2 0 5;-1 -1 -1 -1 0
706,141,0 -1 1 -1 1;-1 0 1 -1 -1;-1 -1 0 -1 -1;2 2 2 0 5;2 2 2 2 0
707,155,0 -1 1 -1 1;-1 0 1 -1 -1;0 0 0 0 0;-1 -1 -1 0 -1;-1 -1 -1 -1 0
708,334,0 -1 1 -1 1;-1 0 1 -1 -1;0 0 0 0 0;-1 -1 -1 0 -1;0 0 0 0 0
709,100,0 -1 1 -1 1;-1 0 1 -1 -1;0 0 0 0 0;-1 -1 -1 0 -1;2 2 2 2 0
710,160,0 -1 1 -1 1;-1 0 1 -1 -1;0 0 0 0 0;-1 -1 -1 0 1;-1 -1 -1 -1 0
711,59,0 -1 1 -1 1;-1 0 1 -1 -1;0 0 0 0 0;-1 -1 -1 0 1;0 0 0 0 0
712,148,0 -1 1 -1 1;-1 0 1 -1 -1;0 0 0 0 0;-1 -1 -1 0 1;2 2 2 2 0
713,200,0 -1 1 -1 1;-1 0 1 -1 -1;0 0 0 0 0;0 0 0 0 0;-1 -1 -1 -1 0
714,203,0 -1 1 -1 1;-1 0 1 -1 -1;0 0 0 0 0;0 0 0 0 3;-1 -1 -1 -1 0
715,88,0 -1 1 -1 1;-1 0 1 -1 -1;0 0 0 0 0;0 0 0 0 3;0 0 0 0 0
716,198,0 -1 1 -1 1;-1 0 1 -1 -1;0 0 0 0 0;0 0 0 0 3;2 2 2 2 0
717,210,0 -1 1 -1 1;-1 0 1 -1 -1;0 0 0 0 0;2 2 2 0 5;-1 -1 -1 -1 0
718,107,0 -1 1 -1 1;-1 0 1 -1 -1;0 0 0 0 0;2 2 2 0 5;0 0 0 0 0
719,149,0 -1 1 -1 1;-1 0 1 -1 -1;1 1 0 1 1;-1 -1 -1 0 -1;2 2 2 2 0
720,172,0 -1 1 -1 1;-1 0 1 -1 -1;1 1 0 1 1;-1 -1 -1 0 1;-1 -1 -1 -1 0
721,187,0 -1 1 -1 1;-1 0 1 -1 -1;2 2 0 2 2;-1 -1 -1 0 -1;0 0 0 0 0
722,529,0 -1 1 -1 1;-1 0 1 -1 -1;2 2 0 2 2;-1 -1 -1 0 -1;2 2 2 2 0
723,150,0 -1 1 -1 1;-1 0 1 -1 -1;2 2 0 2 2;-1 -1 -1 0 1;-1 -1 -1 -1 0
724,151,0 -1 1 -1 1;-1 0 1 -1 -1;2 2 0 2 2;-1 -1 -1 0 1;0 0 0 0 0
725,47,0 -1 1 -1 1;-1 0 1 -1 -1;2 2 0 2 2;-1 -1 -1 0 1;2 2 2 2 0
726,94,0 -1 1 -1 1;-1 0 1 -1 -1;2 2 0 2 2;0 0 0 0 3;-1 -1 -1 -1 0
727,55,0 -1 1 -1 1;-1 0 1 -1 -1;2 2 0 2 2;2 2 2 0 5;-1 -1 -1 -1 0
728,331,0 -1 1 -1 1;0 0 0 0 0;-1 -1 0 -1 -1;-1 -1 -1 0 1;-1 -1 -1 -1 0
729,196,0 -1 1 -1 1;0 0 0 0 0;-1 -1 0 -1 -1;-1 -1 -1 0 1;0 0 0 0 0
730,186,0 -1 1 -1 1;0 0 0 0 0;-1 -1 0 -1 -1;0 0 0 0 0;-1 -1 -1 -1 0
731,160,0 -1 1 -1 1;0 0 1 0 0;0 0 0 0 0;-1 -1 -1 0 1;-1 -1 -1 -1 0
732,174,0 -1 1 -1 1;0 0 1 0 0;0 0 0 0 0;0 0 0 0 1;0 0 0 0 0
733,146,0 -1 1 -1 1;0 0 3 0 0;-1 -1 0 -1 -1;-1 -1 -1 0 -1;-1 -1 -1 -1 0
734,146,0 -1 1 -1 1;0 0 3 0 0;-1 -1 0 -1 -1;-1 -1 -1 0 -1;0 0 0 0 0
735,45,0 -1 1 -1 1;0 0 3 0 0;-1 -1 0 -1 -1;-1 -1 -1 0 -1;2 2 2 2 0
736,138,0 -1 1 -1 1;0 0 3 0 0;-1 -1 0 -1 -1;-1 -1 -1 0 1;-1 -1 -1 -1 0
737,176,0 -1 1 -1 1;0 0 3 0 0;-1 -1 0 -1 -1;-1 -1 -1 0 1;0 0 0 0 0
738,48,0 -1 1 -1 1;0 0 3 0 0;-1 -1 0 -1 -1;-1 -1 -1 0 1;2 2 2 2 0
739,191,0 -1 1 -1 1;0 0 3 0 0;-1 -1 0 -1 -1;0 0 0 0 3;-1 -1 -1 -1 0
740,87,0 -1 1 -1 1;0 0 3 0 0;-1 -1 0 -1 -1;0 0 0 0 3;0 0 0 0 0
741,74,0 -1 1 -1 1;0 0 3 0 0;-1 -1 0 -1 -1;2 2 2 0 5;-1 -1 -1 -1 0
742,189,0 -1 1 -1 1;0 0 3 0 0;0 0 0 0 0;-1 -1 -1 0 -1;0 0 0 0 0
743,108,0 -1 1 -1 1;0 0 3 0 0;0 0 0 0 0;-1 -1 -1 0 1;-1 -1 -1 -1 0
744,102,0 -1 1 -1 1;0 0 3 0 0;0 0 0 0 0;-1 -1 -1 0 1;0 0 0 0 0
745,48,0 -1 1 -1 1;0 0 3 0 0;0 0 0 0 0;0 0 0 0 3;-1 -1 -1 -1 0
746,162,0 -1 1 -1 1;0 0 3 0 0;2 2 0 2 2;-1 -1 -1 0 -1;0 0 0 0 0
747,192,0 -1 1 -1 1;0 0 3 0 0;2 2 0 2 2;-1 -1 -1 0 1;-1 -1 -1 -1 0
748,192,0 -1 1 -1 1;0 0 3 0 0;2 2 0 2 2;-1 -1 -1 0 1;0 0 0 0 0
749,441,0 -1 1 -1 1;2 0 5 2 2;-1 -1 0 -1 -1;-1 -1 -1 0 -1;0 0 0 0 0
750,530,0 -1 1 -1 1;2 0 5 2 2;-1 -1 0 -1 -1;-1 -1 -1 0 -1;2 2 2 2 0
751,71,0 -1 1 -1 1;2 0 5 2 2;-1 -1 0 -1 -1;-1 -1 -1 0 1;-1 -1 -1 -1 0
752,206,0 -1 1 -1 1;2 0 5 2 2;-1 -1 0 -1 -1;-1 -1 -1 0 1;0 0 0 0 0
753,54,0 -1 1 -1 1;2 0 5 2 2;-1 -1 0 -1 -1;-1 -1 -1 0 1;2 2 2 2 0
754,114,0 -1 1 -1 1;2 0 5 2 2;-1 -1 0 -1 -1;0 0 0 0 3;-1 -1 -1 -1 0
755,42,0 -1 1 -1 1;2 0 5 2 2;-1 -1 0 -1 -1;2 2 2 0 5;-1 -1 -1 -1 0
756,163,0 -1 1 -1 1;2 0 5 2 2;0 0 0 0 0;-1 -1 -1 0 -1;0 0 0 0 0
757,71,0 -1 1 -1 1;2 0 5 2 2;0 0 0 0 0;-1 -1 -1 0 1;0 0 0 0 0
758,156,0 -1 1 -1 1;2 0 5 2 2;2 2 0 2 2;-1 -1 -1 0 1;-1 -1 -1 -1 0
759,158,0 -1 2 -1 2;-1 0 -1 -1 -1;-1 -1 0 -1 -1;-1 -1 -1 0 -1;-1 -1 -1 -1 0
760,531,0 -1 2 -1 2;-1 0 -1 -1 -1;-1 -1 0 -1 -1;-1 -1 -1 0 -1;1 1 1 1 0
761,158,0 -1 2 -1 2;-1 0 -1 -1 -1;-1 -1 0 -1 -1;-1 -1 -1 0 0;-1 -1 -1 -1 0
762,308,0 -1 2 -1 2;-1 0 -1 -1 -1;-1 -1 0 -1 -1;-1 -1 -1 0 2;-1 -1 -1 -1 0
763,682,0 -1 2 -1 2;-1 0 -1 -1 -1;-1 -1 0 -1 -1;1 1 1 0 4;-1 -1 -1 -1 0
764,532,0 -1 2 -1 2;-1 0 -1 -1 -1;1 1 0 1 1;-1 -1 -1 0 -1;-1 -1 -1 -1 0
765,158,0 -1 2 -1 2;-1 0 0 -1 -1;-1 -1 0 -1 -1;-1 -1 -1 0 -1;-1 -1 -1 -1 0
766,158,0 -1 2 -1 2;-1 0 0 -1 -1;-1 -1 0 -1 -1;-1 -1 -1 0 0;-1 -1 -1 -1 0
767,190,0 -1 2 -1 2;-1 0 0 -1 -1;-1 -1 0 -1 -1;-1 -1 -1 0 0;1 1 1 1 0
768,308,0 -1 2 -1 2;-1 0 0 -1 -1;-1 -1 0 -1 -1;-1 -1 -1 0 2;-1 -1 -1 -1 0
769,97,0 -1 2 -1 2;-1 0 0 -1 -1;-1 -1 0 -1 -1;1 1 1 0 4;-1 -1 -1 -1 0
770,170,0 -1 2 -1 2;-1 0 0 -1 -1;0 0 0 0 0;-1 -1 -1 0 2;-1 -1 -1 -1 0
771,158,0 -1 2 -1 2;-1 0 0 -1 -1;0 0 0 0 0;0 0 0 0 0;-1 -1 -1 -1 0
772,254,0 -1 2 -1 2;-1 0 0 -1 -1;0 0 0 0 0;0 0 0 0 2;-1 -1 -1 -1 0
773,682,0 -1 2 -1 2;-1 0 0 -1 -1;0 0 0 0 0;1 1 1 0 4;-1 -1 -1 -1 0
774,188,0 -1 2 -1 2;-1 0 0 -1 -1;1 1 0 1 1;-1 -1 -1 0 0;-1 -1 -1 -1 0
775,126,0 -1 2 -1 2;-1 0 0 -1 -1;1 1 0 1 1;-1 -1 -1 0 0;1 1 1 1 0
776,152,0 -1 2 -1 2;-1 0 0 -1 -1;1 1 0 1 1;-1 -1 -1 0 2;-1 -1 -1 -1 0
777,393,0 -1 2 -1 2;-1 0 2 -1 -1;-1 -1 0 -1 -1;-1 -1 -1 0 -1;-1 -1 -1 -1 0
778,393,0 -1 2 -1 2;-1 0 2 -1 -1;-1 -1 0 -1 -1;-1 -1 -1 0 0;-1 -1 -1 -1 0
779,155,0 -1 2 -1 2;-1 0 2 -1 -1;-1 -1 0 -1 -1;-1 -1 -1 0 0;0 0 0 0 0
780,153,0 -1 2 -1 2;-1 0 2 -1 -1;-1 -1 0 -1 -1;-1 -1 -1 0 0;1 1 1 1 0
781,19,0 -1 2 -1 2;-1 0 2 -1 -1;-1 -1 0 -1 -1;-1 -1 -1 0 2;-1 -1 -1 -1 0
782,5,0 -1 2 -1 2;-1 0 2 -1 -1;-1 -1 0 -1 -1;-1 -1 -1 0 2;1 1 1 1 0
783,19,0 -1 2 -1 2;-1 0 2 -1 -1;-1 -1 0 -1 -1;0 0 0 0 2;0 0 0 0 0
784,5,0 -1 2 -1 2;-1 0 2 -1 -1;-1 -1 0 -1 -1;0 0 0 0 2;1 1 1 1 0
785,92,0 -1 2 -1 2;-1 0 2 -1 -1;-1 -1 0 -1 -1;1 1 1 0 4;-1 -1 -1 -1 0
786,101,0 -1 2 -1 2;-1 0 2 -1 -1;-1 -1 0 -1 -1;1 1 1 0 4;1 1 1 1 0
787,6,0 -1 2 -1 2;-1 0 2 -1 -1;1 1 0 1 1;-1 -1 -1 0 2;-1 -1 -1 -1 0
788,154,0 -1 2 -1 2;-1 0 2 -1 -1;1 1 0 1 1;-1 -1 -1 0 2;1 1 1 1 0
789,167,0 -1 2 -1 2;-1 0 2 -1 -1;1 1 0 1 1;1 1 1 0 4;-1 -1 -1 -1 0
790,158,0 -1 2 -1 2;0 0 0 0 0;-1 -1 0 -1 -1;-1 -1 -1 0 0;0 0 0 0 0
791,158,0 -1 2 -1 2;0 0 0 0 0;-1 -1 0 -1 -1;0 0 0 0 0;-1 -1 -1 -1 0
792,254,0 -1 2 -1 2;0 0 0 0 0;-1 -1 0 -1 -1;0 0 0 0 2;-1 -1 -1 -1 0
793,255,0 -1 2 -1 2;0 0 2 0 0;-1 -1 0 -1 -1;-1 -1 -1 0 0;0 0 0 0 0
794,255,0 -1 2 -1 2;0 0 2 0 0;-1 -1 0 -1 -1;0 0 0 0 0;-1 -1 -1 -1 0
795,19,0 -1 2 -1 2;0 0 2 0 0;-1 -1 0 -1 -1;0 0 0 0 2;-1 -1 -1 -1 0
796,19,0 -1 2 -1 2;0 0 2 0 0;0 0 0 0 0;-1 -1 -1 0 2;-1 -1 -1 -1 0
797,153,0 -1 2 -1 2;0 0 2 0 0;0 0 0 0 0;1 1 1 0 4;-1 -1 -1 -1 0
798,6,0 -1 2 -1 2;0 0 2 0 0;1 1 0 1 1;-1 -1 -1 0 2;-1 -1 -1 -1 0
799,683,0 -1 2 -1 2;1 0 4 1 1;-1 -1 0 -1 -1;-1 -1 -1 0 -1;-1 -1 -1 -1 0
800,70,0 -1 2 -1 2;1 0 4 1 1;-1 -1 0 -1 -1;-1 -1 -1 0 0;-1 -1 -1 -1 0
801,683,0 -1 2 -1 2;1 0 4 1 1;-1 -1 0 -1 -1;-1 -1 -1 0 0;0 0 0 0 0
802,113,0 -1 2 -1 2;1 0 4 1 1;-1 -1 0 -1 -1;-1 -1 -1 0 2;-1 -1 -1 -1 0
803,171,0 -1 2 -1 2;1 0 4 1 1;-1 -1 0 -1 -1;-1 -1 -1 0 2;1 1 1 1 0
804,161,0 -1 2 -1 2;1 0 4 1 1;-1 -1 0 -1 -1;0 0 0 0 2;0 0 0 0 0
805,146,0 -1 2 -1 2;1 0 4 1 1;-1 -1 0 -1 -1;1 1 1 0 4;-1 -1 -1 -1 0
806,118,0 -1 2 -1 2;1 0 4 1 1;1 1 0 1 1;-1 -1 -1 0 2;-1 -1 -1 -1 0
807,688,0 0 -1 -1 -1;-1 0 -1 -1 -1;-1 -1 0 -1 -1;-1 -1 -1 0 -1;-1 -1 -1 -1 0
808,80,0 0 -1 -1 -1;-1 0 -1 -1 -1;-1 -1 0 -1 -1;-1 -1 -1 0 -1;0 0 0 0 0
809,20,0 0 -1 -1 -1;-1 0 -1 -1 -1;-1 -1 0 -1 -1;-1 -1 -1 0 -1;1 1 1 1 0
810,75,0 0 -1 -1 -1;-1 0 -1 -1 -1;-1 -1 0 -1 -1;-1 -1 -1 0 0;-1 -1 -1 -1 0
811,80,0 0 -1 -1 -1;-1 0 -1 -1 -1;-1 -1 0 -1 -1;-1 -1 -1 0 0;0 0 0 0 0
812,20,0 0 -1 -1 -1;-1 0 -1 -1 -1;-1 -1 0 -1 -1;-1 -1 -1 0 0;1 1 1 1 0
813,273,0 0 -1 -1 -1;-1 0 -1 -1 -1;-1 -1 0 -1 -1;-1 -1 -1 0 2;-1 -1 -1 -1 0
814,24,0 0 -1 -1 -1;-1 0 -1 -1 -1;-1 -1 0 -1 -1;0 0 0 0 0;0 0 0 0 0
815,64,0 0 -1 -1 -1;-1 0 -1 -1 -1;-1 -1 0 -1 -1;0 0 0 0 2;0 0 0 0 0
816,126,0 0 -1 -1 -1;-1 0 -1 -1 -1;-1 -1 0 -1 -1;1 1 1 0 1;1 1 1 1 0
817,132,0 0 -1 -1 -1;-1 0 -1 -1 -1;-1 -1 0 -1 -1;1 1 1 0 2;1 1 1 1 0
818,100,0 0 -1 -1 -1;-1 0 -1 -1 -1;-1 -1 0 -1 -1;1 1 1 0 4;-1 -1 -1 -1 0
819,22,0 0 -1 -1 -1;-1 0 -1 -1 -1;-1 -1 0 0 -1;-1 -1 -1 0 -1;-1 -1 -1 -1 0
820,149,0 0 -1 -1 -1;-1 0 -1 -1 -1;-1 -1 0 0 -1;-1 -1 -1 0 -1;0 0 0 0 0
821,128,0 0 -1 -1 -1;-1 0 -1 -1 -1;-1 -1 0 0 -1;-1 -1 -1 0 -1;1 1 1 1 0
822,158,0 0 -1 -1 -1;-1 0 -1 -1 -1;-1 -1 0 0 -1;-1 -1 -1 0 0;0 0 0 0 0
823,128,0 0 -1 -1 -1;-1 0 -1 -1 -1;-1 -1 0 0 -1;-1 -1 -1 0 0;1 1 1 1 0
824,106,0 0 -1 -1 -1;-1 0 -1 -1 -1;-1 -1 0 0 -1;-1 -1 -1 0 2;-1 -1 -1 -1 0
825,273,0 0 -1 -1 -1;-1 0 -1 -1 -1;-1 -1 0 0 -1;-1 -1 -1 0 2;0 0 0 0 0
826,24,0 0 -1 -1 -1;-1 0 -1 -1 -1;-1 -1 0 0 -1;0 0 0 0 0;-1 -1 -1 -1 0
827,80,0 0 -1 -1 -1;-1 0 -1 -1 -1;-1 -1 0 0 -1;0 0 0 0 0;0 0 0 0 0
828,130,0 0 -1 -1 -1;-1 0 -1 -1 -1;-1 -1 0 0 -1;0 0 0 0 0;1 1 1 1 0
829,62,0 0 -1 -1 -1;-1 0 -1 -1 -1;-1 -1 0 0 -1;0 0 0 0 2;-1 -1 -1 -1 0
830,243,0 0 -1 -1 -1;-1 0 -1 -1 -1;-1 -1 0 2 -1;-1 -1 -1 0 -1;-1 -1 -1 -1 0
831,243,0 0 -1 -1 -1;-1 0 -1 -1 -1;-1 -1 0 2 -1;-1 -1 -1 0 0;-1 -1 -1 -1 0
832,173,0 0 -1 -1 -1;-1 0 -1 -1 -1;-1 -1 0 2 -1;-1 -1 -1 0 0;0 0 0 0 0
833,533,0 0 -1 -1 -1;-1 0 -1 -1 -1;-1 -1 0 2 -1;-1 -1 -1 0 2;-1 -1 -1 -1 0
834,24,0 0 -1 -1 -1;-1 0 -1 -1 -1;0 0 0 0 0;-1 -1 -1 0 -1;0 0 0 0 0
835,150,0 0 -1 -1 -1;-1 0 -1 -1 -1;0 0 0 0 0;-1 -1 -1 0 0;-1 -1 -1 -1 0
836,161,0 0 -1 -1 -1;-1 0 -1 -1 -1;0 0 0 0 0;0 0 0 0 0;-1 -1 -1 -1 0
837,20,0 0 -1 -1 -1;-1 0 -1 -1 -1;0 0 0 0 0;0 0 0 0 0;1 1 1 1 0
838,143,0 0 -1 -1 -1;-1 0 -1 -1 -1;0 0 0 2 0;0 0 0 0 0;-1 -1 -1 -1 0
839,164,0 0 -1 -1 -1;-1 0 -1 -1 -1;1 1 0 1 1;-1 -1 -1 0 0;-1 -1 -1 -1 0
840,152,0 0 -1 -1 -1;-1 0 -1 -1 -1;1 1 0 2 1;-1 -1 -1 0 -1;-1 -1 -1 -1 0
841,256,0 0 -1 -1 -1;-1 0 -1 -1 -1;1 1 0 2 1;-1 -1 -1 0 -1;0 0 0 0 0
842,165,0 0 -1 -1 -1;-1 0 -1 -1 -1;1 1 0 2 1;-1 -1 -1 0 -1;1 1 1 1 0
843,166,0 0 -1 -1 -1;-1 0 -1 -1 -1;1 1 0 2 1;-1 -1 -1 0 0;1 1 1 1 0
844,111,0 0 -1 -1 -1;-1 0 -1 -1 -1;1 1 0 2 1;1 1 1 0 1;-1 -1 -1 -1 0
845,37,0 0 -1 -1 -1;-1 0 -1 -1 -1;1 1 0 4 1;-1 -1 -1 0 -1;-1 -1 -1 -1 0
846,257,0 0 -1 -1 -1;-1 0 -1 -1 -1;1 1 0 4 1;-1 -1 -1 0 2;0 0 0 0 0
847,189,0 0 -1 -1 -1;-1 0 -1 -1 -1;1 1 0 4 1;0 0 0 0 2;-1 -1 -1 -1 0
848,132,0 0 -1 -1 -1;-1 0 -1 -1 -1;1 1 0 4 1;1 1 1 0 1;-1 -1 -1 -1 0
849,258,0 0 -1 -1 -1;-1 0 -1 -1 -1;1 1 0 4 1;1 1 1 0 2;-1 -1 -1 -1 0
850,75,0 0 -1 -1 -1;-1 0 0 -1 -1;-1 -1 0 -1 -1;-1 -1 -1 0 -1;-1 -1 -1 -1 0
851,24,0 0 -1 -1 -1;-1 0 0 -1 -1;-1 -1 0 -1 -1;-1 -1 -1 0 0;0 0 0 0 0
852,24,0 0 -1 -1 -1;-1 0 0 -1 -1;-1 -1 0 -1 -1;0 0 0 0 0;0 0 0 0 0
853,259,0 0 -1 -1 -1;-1 0 0 -1 -1;-1 -1 0 -1 -1;0 0 0 0 0;1 1 1 1 0
854,126,0 0 -1 -1 -1;-1 0 0 -1 -1;-1 -1 0 -1 -1;0 0 0 0 2;0 0 0 0 0
855,77,0 0 -1 -1 -1;-1 0 0 -1 -1;-1 -1 0 -1 -1;1 1 1 0 2;-1 -1 -1 -1 0
856,260,0 0 -1 -1 -1;-1 0 0 -1 -1;-1 -1 0 -1 -1;1 1 1 0 2;1 1 1 1 0
857,268,0 0 -1 -1 -1;-1 0 0 -1 -1;-1 -1 0 -1 -1;1 1 1 0 4;-1 -1 -1 -1 0
858,268,0 0 -1 -1 -1;-1 0 0 -1 -1;-1 -1 0 -1 -1;1 1 1 0 4;0 0 0 0 0
859,98,0 0 -1 -1 -1;-1 0 0 -1 -1;-1 -1 0 -1 -1;1 1 1 0 4;1 1 1 1 0
860,688,0 0 -1 -1 -1;-1 0 0 -1 -1;-1 -1 0 0 -1;-1 -1 -1 0 0;-1 -1 -1 -1 0
861,80,0 0 -1 -1 -1;-1 0 0 -1 -1;-1 -1 0 0 -1;-1 -1 -1 0 0;0 0 0 0 0
862,259,0 0 -1 -1 -1;-1 0 0 -1 -1;-1 -1 0 0 -1;-1 -1 -1 0 0;1 1 1 1 0
863,56,0 0 -1 -1 -1;-1 0 0 -1 -1;-1 -1 0 0 -1;-1 -1 -1 0 2;-1 -1 -1 -1 0
864,273,0 0 -1 -1 -1;-1 0 0 -1 -1;-1 -1 0 0 -1;-1 -1 -1 0 2;0 0 0 0 0
865,187,0 0 -1 -1 -1;-1 0 0 -1 -1;-1 -1 0 0 -1;-1 -1 -1 0 2;1 1 1 1 0
866,24,0 0 -1 -1 -1;-1 0 0 -1 -1;-1 -1 0 0 -1;0 0 0 0 0;-1 -1 -1 -1 0
867,24,0 0 -1 -1 -1;-1 0 0 -1 -1;-1 -1 0 0 -1;0 0 0 0 0;0 0 0 0 0
868,174,0 0 -1 -1 -1;-1 0 0 -1 -1;-1 -1 0 0 -1;0 0 0 0 2;-1 -1 -1 -1 0
869,189,0 0 -1 -1 -1;-1 0 0 -1 -1;-1 -1 0 0 -1;1 1 1 0 1;-1 -1 -1 -1 0
870,190,0 0 -1 -1 -1;-1 0 0 -1 -1;-1 -1 0 0 -1;1 1 1 0 1;1 1 1 1 0
871,155,0 0 -1 -1 -1;-1 0 0 -1 -1;-1 -1 0 0 -1;1 1 1 0 2;-1 -1 -1 -1 0
872,260,0 0 -1 -1 -1;-1 0 0 -1 -1;-1 -1 0 0 -1;1 1 1 0 2;1 1 1 1 0
873,268,0 0 -1 -1 -1;-1 0 0 -1 -1;-1 -1 0 0 -1;1 1 1 0 4;-1 -1 -1 -1 0
874,268,0 0 -1 -1 -1;-1 0 0 -1 -1;-1 -1 0 0 -1;1 1 1 0 4;0 0 0 0 0
875,98,0 0 -1 -1 -1;-1 0 0 -1 -1;-1 -1 0 0 -1;1 1 1 0 4;1 1 1 1 0
876,57,0 0 -1 -1 -1;-1 0 0 -1 -1;-1 -1 0 2 -1;-1 -1 -1 0 -1;-1 -1 -1 -1 0
877,82,0 0 -1 -1 -1;-1 0 0 -1 -1;-1 -1 0 2 -1;-1 -1 -1 0 -1;0 0 0 0 0
878,47,0 0 -1 -1 -1;-1 0 0 -1 -1;-1 -1 0 2 -1;-1 -1 -1 0 0;-1 -1 -1 -1 0
879,113,0 0 -1 -1 -1;-1 0 0 -1 -1;-1 -1 0 2 -1;-1 -1 -1 0 0;0 0 0 0 0
880,191,0 0 -1 -1 -1;-1 0 0 -1 -1;-1 -1 0 2 -1;0 0 0 0 0;1 1 1 1 0
881,191,0 0 -1 -1 -1;-1 0 0 -1 -1;-1 -1 0 2 -1;0 0 0 0 2;-1 -1 -1 -1 0
882,192,0 0 -1 -1 -1;-1 0 0 -1 -1;-1 -1 0 2 -1;0 0 0 0 2;1 1 1 1 0
883,194,0 0 -1 -1 -1;-1 0 0 -1 -1;-1 -1 0 2 -1;1 1 1 0 4;0 0 0 0 0
884,195,0 0 -1 -1 -1;-1 0 0 -1 -1;-1 -1 0 2 -1;1 1 1 0 4;1 1 1 1 0
885,24,0 0 -1 -1 -1;-1 0 0 -1 -1;0 0 0 0 0;-1 -1 -1 0 0;-1 -1 -1 -1 0
886,273,0 0 -1 -1 -1;-1 0 0 -1 -1;0 0 0 0 0;0 0 0 0 2;-1 -1 -1 -1 0
887,31,0 0 -1 -1 -1;-1 0 0 -1 -1;0 0 0 2 0;-1 -1 -1 0 -1;1 1 1 1 0
888,143,0 0 -1 -1 -1;-1 0 0 -1 -1;0 0 0 2 0;-1 -1 -1 0 0;-1 -1 -1 -1 0
889,143,0 0 -1 -1 -1;-1 0 0 -1 -1;0 0 0 2 0;0 0 0 0 0;-1 -1 -1 -1 0
890,176,0 0 -1 -1 -1;-1 0 0 -1 -1;0 0 0 2 0;0 0 0 0 2;-1 -1 -1 -1 0
891,84,0 0 -1 -1 -1;-1 0 0 -1 -1;1 1 0 2 1;-1 -1 -1 0 -1;-1 -1 -1 -1 0
892,167,0 0 -1 -1 -1;-1 0 0 -1 -1;1 1 0 2 1;-1 -1 -1 0 -1;0 0 0 0 0
893,168,0 0 -1 -1 -1;-1 0 0 -1 -1;1 1 0 2 1;-1 -1 -1 0 0;-1 -1 -1 -1 0
894,256,0 0 -1 -1 -1;-1 0 0 -1 -1;1 1 0 2 1;-1 -1 -1 0 0;0 0 0 0 0
895,196,0 0 -1 -1 -1;-1 0 0 -1 -1;1 1 0 2 1;-1 -1 -1 0 0;1 1 1 1 0
896,197,0 0 -1 -1 -1;-1 0 0 -1 -1;1 1 0 2 1;-1 -1 -1 0 2;0 0 0 0 0
897,115,0 0 -1 -1 -1;-1 0 0 -1 -1;1 1 0 2 1;0 0 0 0 2;-1 -1 -1 -1 0
898,37,0 0 -1 -1 -1;-1 0 0 -1 -1;1 1 0 4 1;-1 -1 -1 0 -1;-1 -1 -1 -1 0
899,312,0 0 -1 -1 -1;-1 0 0 -1 -1;1 1 0 4 1;-1 -1 -1 0 0;0 0 0 0 0
900,130,0 0 -1 -1 -1;-1 0 0 -1 -1;1 1 0 4 1;-1 -1 -1 0 0;1 1 1 1 0
901,257,0 0 -1 -1 -1;-1 0 0 -1 -1;1 1 0 4 1;-1 -1 -1 0 2;0 0 0 0 0
902,198,0 0 -1 -1 -1;-1 0 0 -1 -1;1 1 0 4 1;-1 -1 -1 0 2;1 1 1 1 0
903,37,0 0 -1 -1 -1;-1 0 0 -1 -1;1 1 0 4 1;0 0 0 0 0;-1 -1 -1 -1 0
904,189,0 0 -1 -1 -1;-1 0 0 -1 -1;1 1 0 4 1;0 0 0 0 2;-1 -1 -1 -1 0
905,258,0 0 -1 -1 -1;-1 0 0 -1 -1;1 1 0 4 1;1 1 1 0 2;-1 -1 -1 -1 0
906,71,0 0 -1 -1 -1;-1 0 0 -1 -1;1 1 0 4 1;1 1 1 0 4;-1 -1 -1 -1 0
907,152,0 0 -1 -1 -1;-1 0 2 -1 -1;-1 -1 0 -1 -1;-1 -1 -1 0 0;-1 -1 -1 -1 0
908,31,0 0 -1 -1 -1;-1 0 2 -1 -1;-1 -1 0 -1 -1;-1 -1 -1 0 0;0 0 0 0 0
909,184,0 0 -1 -1 -1;-1 0 2 -1 -1;-1 -1 0 -1 -1;-1 -1 -1 0 2;-1 -1 -1 -1 0
910,177,0 0 -1 -1 -1;-1 0 2 -1 -1;-1 -1 0 -1 -1;-1 -1 -1 0 2;0 0 0 0 0
911,31,0 0 -1 -1 -1;-1 0 2 -1 -1;-1 -1 0 -1 -1;0 0 0 0 0;-1 -1 -1 -1 0
912,93,0 0 -1 -1 -1;-1 0 2 -1 -1;-1 -1 0 -1 -1;0 0 0 0 0;0 0 0 0 0
913,422,0 0 -1 -1 -1;-1 0 2 -1 -1;-1 -1 0 -1 -1;0 0 0 0 2;0 0 0 0 0
914,178,0 0 -1 -1 -1;-1 0 2 -1 -1;-1 -1 0 -1 -1;0 0 0 0 2;1 1 1 1 0
915,192,0 0 -1 -1 -1;-1 0 2 -1 -1;-1 -1 0 -1 -1;1 1 1 0 2;-1 -1 -1 -1 0
916,179,0 0 -1 -1 -1;-1 0 2 -1 -1;-1 -1 0 -1 -1;1 1 1 0 2;3 3 3 3 0
917,181,0 0 -1 -1 -1;-1 0 2 -1 -1;-1 -1 0 -1 -1;3 3 3 0 6;0 0 0 0 0
918,93,0 0 -1 -1 -1;-1 0 2 -1 -1;-1 -1 0 0 -1;-1 -1 -1 0 -1;-1 -1 -1 -1 0
919,155,0 0 -1 -1 -1;-1 0 2 -1 -1;-1 -1 0 0 -1;-1 -1 -1 0 -1;0 0 0 0 0
920,184,0 0 -1 -1 -1;-1 0 2 -1 -1;-1 -1 0 0 -1;-1 -1 -1 0 0;0 0 0 0 0
921,123,0 0 -1 -1 -1;-1 0 2 -1 -1;-1 -1 0 0 -1;0 0 0 0 0;-1 -1 -1 -1 0
922,119,0 0 -1 -1 -1;-1 0 2 -1 -1;-1 -1 0 0 -1;0 0 0 0 0;0 0 0 0 0
923,163,0 0 -1 -1 -1;-1 0 2 -1 -1;-1 -1 0 0 -1;0 0 0 0 2;0 0 0 0 0
924,130,0 0 -1 -1 -1;-1 0 2 -1 -1;-1 -1 0 0 -1;1 1 1 0 4;-1 -1 -1 -1 0
925,183,0 0 -1 -1 -1;-1 0 2 -1 -1;-1 -1 0 2 -1;-1 -1 -1 0 -1;0 0 0 0 0
926,534,0 0 -1 -1 -1;-1 0 2 -1 -1;-1 -1 0 2 -1;-1 -1 -1 0 -1;1 1 1 1 0
927,535,0 0 -1 -1 -1;-1 0 2 -1 -1;-1 -1 0 2 -1;-1 -1 -1 0 0;-1 -1 -1 -1 0
928,183,0 0 -1 -1 -1;-1 0 2 -1 -1;-1 -1 0 2 -1;-1 -1 -1 0 0;0 0 0 0 0
929,93,0 0 -1 -1 -1;-1 0 2 -1 -1;0 0 0 0 0;-1 -1 -1 0 0;-1 -1 -1 -1 0
930,189,0 0 -1 -1 -1;-1 0 2 -1 -1;0 0 0 0 0;-1 -1 -1 0 0;1 1 1 1 0
931,191,0 0 -1 -1 -1;-1 0 2 -1 -1;0 0 0 0 0;1 1 1 0 4;-1 -1 -1 -1 0
932,170,0 0 -1 -1 -1;-1 0 2 -1 -1;0 0 0 2 0;-1 -1 -1 0 -1;1 1 1 1 0
933,125,0 0 -1 -1 -1;-1 0 2 -1 -1;0 0 0 2 0;-1 -1 -1 0 0;-1 -1 -1 -1 0
934,171,0 0 -1 -1 -1;-1 0 2 -1 -1;0 0 0 2 0;-1 -1 -1 0 0;1 1 1 1 0
935,117,0 0 -1 -1 -1;-1 0 2 -1 -1;0 0 0 2 0;1 1 1 0 2;-1 -1 -1 -1 0
936,668,0 0 -1 -1 -1;-1 0 2 -1 -1;1 1 0 4 1;-1 -1 -1 0 -1;0 0 0 0 0
937,190,0 0 -1 -1 -1;-1 0 2 -1 -1;1 1 0 4 1;0 0 0 0 2;-1 -1 -1 -1 0
938,24,0 0 -1 -1 -1;0 0 0 0 0;-1 -1 0 -1 -1;-1 -1 -1 0 -1;-1 -1 -1 -1 0
939,153,0 0 -1 -1 -1;0 0 0 0 0;-1 -1 0 -1 -1;-1 -1 -1 0 -1;1 1 1 1 0
940,84,0 0 -1 -1 -1;0 0 0 0 0;-1 -1 0 -1 -1;-1 -1 -1 0 0;-1 -1 -1 -1 0
941,61,0 0 -1 -1 -1;0 0 0 0 0;-1 -1 0 -1 -1;-1 -1 -1 0 2;-1 -1 -1 -1 0
942,100,0 0 -1 -1 -1;0 0 0 0 0;-1 -1 0 -1 -1;1 1 1 0 4;-1 -1 -1 -1 0
943,222,0 0 -1 -1 -1;0 0 0 0 0;-1 -1 0 -1 -1;2 2 2 0 2;-1 -1 -1 -1 0
944,84,0 0 -1 -1 -1;0 0 0 0 0;-1 -1 0 0 -1;-1 -1 -1 0 -1;-1 -1 -1 -1 0
945,154,0 0 -1 -1 -1;0 0 0 0 0;-1 -1 0 0 -1;-1 -1 -1 0 -1;0 0 0 0 0
946,153,0 0 -1 -1 -1;0 0 0 0 0;-1 -1 0 0 -1;-1 -1 -1 0 -1;1 1 1 1 0
947,121,0 0 -1 -1 -1;0 0 0 0 0;-1 -1 0 0 -1;-1 -1 -1 0 0;-1 -1 -1 -1 0
948,24,0 0 -1 -1 -1;0 0 0 0 0;-1 -1 0 0 -1;-1 -1 -1 0 0;0 0 0 0 0
949,61,0 0 -1 -1 -1;0 0 0 0 0;-1 -1 0 0 -1;-1 -1 -1 0 2;-1 -1 -1 -1 0
950,24,0 0 -1 -1 -1;0 0 0 0 0;-1 -1 0 0 -1;0 0 0 0 0;-1 -1 -1 -1 0
951,43,0 0 -1 -1 -1;0 0 0 0 0;-1 -1 0 2 -1;-1 -1 -1 0 -1;-1 -1 -1 -1 0
952,43,0 0 -1 -1 -1;0 0 0 0 0;-1 -1 0 2 -1;-1 -1 -1 0 0;-1 -1 -1 -1 0
953,76,0 0 -1 -1 -1;0 0 0 0 0;-1 -1 0 2 -1;-1 -1 -1 0 0;0 0 0 0 0
954,35,0 0 -1 -1 -1;0 0 0 0 0;-1 -1 0 2 -1;-1 -1 -1 0 0;1 1 1 1 0
955,164,0 0 -1 -1 -1;0 0 0 0 0;-1 -1 0 2 -1;-1 -1 -1 0 2;-1 -1 -1 -1 0
956,24,0 0 -1 -1 -1;0 0 0 0 0;0 0 0 0 0;-1 -1 -1 0 -1;-1 -1 -1 -1 0
957,24,0 0 -1 -1 -1;0 0 0 0 0;0 0 0 0 0;-1 -1 -1 0 0;-1 -1 -1 -1 0
958,34,0 0 -1 -1 -1;0 0 0 0 0;0 0 0 0 0;-1 -1 -1 0 2;-1 -1 -1 -1 0
959,312,0 0 -1 -1 -1;0 0 0 0 0;1 1 0 4 1;-1 -1 -1 0 -1;-1 -1 -1 -1 0
960,179,0 0 -1 -1 -1;0 0 0 0 0;2 2 0 2 2;-1 -1 -1 0 -1;-1 -1 -1 -1 0
961,163,0 0 -1 -1 -1;0 0 2 0 0;-1 -1 0 -1 -1;-1 -1 -1 0 -1;-1 -1 -1 -1 0
962,93,0 0 -1 -1 -1;0 0 2 0 0;-1 -1 0 -1 -1;-1 -1 -1 0 -1;0 0 0 0 0
963,184,0 0 -1 -1 -1;0 0 2 0 0;-1 -1 0 -1 -1;-1 -1 -1 0 0;-1 -1 -1 -1 0
964,93,0 0 -1 -1 -1;0 0 2 0 0;-1 -1 0 -1 -1;-1 -1 -1 0 0;0 0 0 0 0
965,93,0 0 -1 -1 -1;0 0 2 0 0;-1 -1 0 -1 -1;0 0 0 0 0;-1 -1 -1 -1 0
966,33,0 0 -1 -1 -1;0 0 2 0 0;-1 -1 0 -1 -1;1 1 1 0 2;-1 -1 -1 -1 0
967,392,0 0 -1 -1 -1;0 0 2 0 0;-1 -1 0 -1 -1;1 1 1 0 4;-1 -1 -1 -1 0
968,163,0 0 -1 -1 -1;0 0 2 0 0;-1 -1 0 0 -1;-1 -1 -1 0 -1;-1 -1 -1 -1 0
969,172,0 0 -1 -1 -1;0 0 2 0 0;-1 -1 0 0 -1;-1 -1 -1 0 0;0 0 0 0 0
970,123,0 0 -1 -1 -1;0 0 2 0 0;-1 -1 0 0 -1;0 0 0 0 0;-1 -1 -1 -1 0
971,199,0 0 -1 -1 -1;0 0 2 0 0;-1 -1 0 0 -1;1 1 1 0 2;-1 -1 -1 -1 0
972,193,0 0 -1 -1 -1;0 0 2 0 0;-1 -1 0 2 -1;-1 -1 -1 0 0;-1 -1 -1 -1 0
973,156,0 0 -1 -1 -1;0 0 2 0 0;0 0 0 0 0;-1 -1 -1 0 -1;1 1 1 1 0
974,44,0 0 -1 -1 -1;0 0 2 0 0;0 0 0 0 0;-1 -1 -1 0 2;-1 -1 -1 -1 0
975,185,0 0 -1 -1 -1;0 0 2 0 0;0 0 0 0 0;1 1 1 0 4;-1 -1 -1 -1 0
976,191,0 0 -1 -1 -1;0 0 2 0 0;0 0 0 2 0;-1 -1 -1 0 -1;-1 -1 -1 -1 0
977,191,0 0 -1 -1 -1;0 0 2 0 0;0 0 0 2 0;-1 -1 -1 0 0;-1 -1 -1 -1 0
978,127,0 0 -1 -1 -1;0 0 2 0 0;1 1 0 2 1;-1 -1 -1 0 0;-1 -1 -1 -1 0
979,200,0 0 -1 -1 -1;0 0 2 0 0;1 1 0 4 1;-1 -1 -1 0 -1;-1 -1 -1 -1 0
980,126,0 0 -1 -1 -1;0 0 2 0 0;1 1 0 4 1;-1 -1 -1 0 0;-1 -1 -1 -1 0
981,190,0 0 -1 -1 -1;0 0 2 0 0;1 1 0 4 1;-1 -1 -1 0 2;-1 -1 -1 -1 0
982,661,0 0 -1 -1 -1;0 0 2 0 0;2 2 0 2 2;-1 -1 -1 0 -1;-1 -1 -1 -1 0
983,21,0 0 -1 -1 -1;1 0 1 1 1;-1 -1 0 -1 -1;-1 -1 -1 0 -1;-1 -1 -1 -1 0
984,21,0 0 -1 -1 -1;1 0 1 1 1;-1 -1 0 -1 -1;-1 -1 -1 0 -1;0 0 0 0 0
985,60,0 0 -1 -1 -1;1 0 1 1 1;-1 -1 0 -1 -1;-1 -1 -1 0 -1;1 1 1 1 0
986,381,0 0 -1 -1 -1;1 0 1 1 1;-1 -1 0 -1 -1;-1 -1 -1 0 -1;3 3 3 3 0
987,21,0 0 -1 -1 -1;1 0 1 1 1;-1 -1 0 -1 -1;-1 -1 -1 0 0;-1 -1 -1 -1 0
988,21,0 0 -1 -1 -1;1 0 1 1 1;-1 -1 0 -1 -1;-1 -1 -1 0 0;0 0 0 0 0
989,60,0 0 -1 -1 -1;1 0 1 1 1;-1 -1 0 -1 -1;-1 -1 -1 0 0;1 1 1 1 0
990,21,0 0 -1 -1 -1;1 0 1 1 1;-1 -1 0 -1 -1;0 0 0 0 0;-1 -1 -1 -1 0
991,144,0 0 -1 -1 -1;1 0 1 1 1;-1 -1 0 -1 -1;1 1 1 0 2;-1 -1 -1 -1 0
992,21,0 0 -1 -1 -1;1 0 1 1 1;-1 -1 0 0 -1;-1 -1 -1 0 -1;-1 -1 -1 -1 0
993,133,0 0 -1 -1 -1;1 0 1 1 1;-1 -1 0 0 -1;-1 -1 -1 0 -1;1 1 1 1 0
994,134,0 0 -1 -1 -1;1 0 1 1 1;-1 -1 0 0 -1;-1 -1 -1 0 0;-1 -1 -1 -1 0
995,21,0 0 -1 -1 -1;1 0 1 1 1;-1 -1 0 0 -1;0 0 0 0 0;-1 -1 -1 -1 0
996,50,0 0 -1 -1 -1;1 0 1 1 1;-1 -1 0 0 -1;1 1 1 0 1;-1 -1 -1 -1 0
997,662,0 0 -1 -1 -1;1 0 1 1 1;-1 -1 0 0 -1;1 1 1 0 4;-1 -1 -1 -1 0
998,153,0 0 -1 -1 -1;1 0 1 1 1;1 1 0 2 1;-1 -1 -1 0 -1;-1 -1 -1 -1 0
999,173,0 0 -1 -1 -1;1 0 1 1 1;1 1 0 2 1;-1 -1 -1 0 0;-1 -1 -1 -1 0
1000,536,0 0 -1 -1 -1;1 0 1 1 1;2 2 0 2 2;-1 -1 -1 0 -1;-1 -1 -1 -1 0
1001,51,0 0 -1 -1 -1;1 0 2 1 1;-1 -1 0 -1 -1;-1 -1 -1 0 -1;-1 -1 -1 -1 0
1002,537,0 0 -1 -1 -1;1 0 2 1 1;-1 -1 0 -1 -1;-1 -1 -1 0 -1;3 3 3 3 0
1003,186,0 0 -1 -1 -1;1 0 2 1 1;-1 -1 0 -1 -1;-1 -1 -1 0 0;0 0 0 0 0
1004,77,0 0 -1 -1 -1;1 0 2 1 1;-1 -1 0 -1 -1;-1 -1 -1 0 0;1 1 1 1 0
1005,129,0 0 -1 -1 -1;1 0 2 1 1;-1 -1 0 -1 -1;0 0 0 0 0;-1 -1 -1 -1 0
1006,538,0 0 -1 -1 -1;1 0 2 1 1;-1 -1 0 -1 -1;2 2 2 0 2;-1 -1 -1 -1 0
1007,195,0 0 -1 -1 -1;1 0 2 1 1;-1 -1 0 0 -1;-1 -1 -1 0 -1;1 1 1 1 0
1008,254,0 0 -1 -1 -1;1 0 2 1 1;-1 -1 0 0 -1;0 0 0 0 0;-1 -1 -1 -1 0
1009,135,0 0 -1 -1 -1;1 0 2 1 1;-1 -1 0 0 -1;1 1 1 0 1;-1 -1 -1 -1 0
1010,182,0 0 -1 -1 -1;1 0 2 1 1;-1 -1 0 2 -1;-1 -1 -1 0 -1;-1 -1 -1 -1 0
1011,201,0 0 -1 -1 -1;1 0 2 1 1;-1 -1 0 2 -1;-1 -1 -1 0 -1;0 0 0 0 0
1012,146,0 0 -1 -1 -1;1 0 2 1 1;-1 -1 0 2 -1;-1 -1 -1 0 -1;1 1 1 1 0
1013,151,0 0 -1 -1 -1;1 0 2 1 1;-1 -1 0 2 -1;-1 -1 -1 0 0;-1 -1 -1 -1 0
1014,225,0 0 -1 -1 -1;1 0 2 1 1;-1 -1 0 2 -1;-1 -1 -1 0 2;-1 -1 -1 -1 0
1015,155,0 0 -1 -1 -1;1 0 2 1 1;1 1 0 1 1;-1 -1 -1 0 -1;-1 -1 -1 -1 0
1016,174,0 0 -1 -1 -1;1 0 2 1 1;1 1 0 1 1;-1 -1 -1 0 0;-1 -1 -1 -1 0
1017,175,0 0 -1 -1 -1;1 0 2 1 1;1 1 0 2 1;-1 -1 -1 0 2;-1 -1 -1 -1 0
1018,539,0 0 -1 -1 -1;1 0 2 1 1;2 2 0 2 2;-1 -1 -1 0 -1;-1 -1 -1 -1 0
1019,88,0 0 -1 -1 -1;1 0 4 1 1;-1 -1 0 -1 -1;-1 -1 -1 0 -1;-1 -1 -1 -1 0
1020,88,0 0 -1 -1 -1;1 0 4 1 1;-1 -1 0 -1 -1;-1 -1 -1 0 -1;0 0 0 0 0
1021,111,0 0 -1 -1 -1;1 0 4 1 1;-1 -1 0 -1 -1;-1 -1 -1 0 -1;1 1 1 1 0
1022,540,0 0 -1 -1 -1;1 0 4 1 1;-1 -1 0 -1 -1;-1 -1 -1 0 -1;2 2 2 2 0
1023,42,0 0 -1 -1 -1;1 0 4 1 1;-1 -1 0 -1 -1;-1 -1 -1 0 0;-1 -1 -1 -1 0
1024,88,0 0 -1 -1 -1;1 0 4 1 1;-1 -1 0 -1 -1;-1 -1 -1 0 0;0 0 0 0 0
1025,111,0 0 -1 -1 -1;1 0 4 1 1;-1 -1 0 -1 -1;-1 -1 -1 0 0;1 1 1 1 0
1026,128,0 0 -1 -1 -1;1 0 4 1 1;-1 -1 0 -1 -1;-1 -1 -1 0 2;-1 -1 -1 -1 0
1027,72,0 0 -1 -1 -1;1 0 4 1 1;-1 -1 0 -1 -1;0 0 0 0 0;0 0 0 0 0
1028,34,0 0 -1 -1 -1;1 0 4 1 1;-1 -1 0 -1 -1;1 1 1 0 1;-1 -1 -1 -1 0
1029,681,0 0 -1 -1 -1;1 0 4 1 1;-1 -1 0 -1 -1;1 1 1 0 2;-1 -1 -1 -1 0
1030,82,0 0 -1 -1 -1;1 0 4 1 1;-1 -1 0 -1 -1;1 1 1 0 4;-1 -1 -1 -1 0
1031,541,0 0 -1 -1 -1;1 0 4 1 1;-1 -1 0 -1 -1;2 2 2 0 2;-1 -1 -1 -1 0
1032,167,0 0 -1 -1 -1;1 0 4 1 1;-1 -1 0 0 -1;-1 -1 -1 0 -1;-1 -1 -1 -1 0
1033,167,0 0 -1 -1 -1;1 0 4 1 1;-1 -1 0 0 -1;-1 -1 -1 0 0;-1 -1 -1 -1 0
1034,42,0 0 -1 -1 -1;1 0 4 1 1;-1 -1 0 0 -1;-1 -1 -1 0 0;0 0 0 0 0
1035,95,0 0 -1 -1 -1;1 0 4 1 1;-1 -1 0 0 -1;-1 -1 -1 0 0;1 1 1 1 0
1036,167,0 0 -1 -1 -1;1 0 4 1 1;-1 -1 0 0 -1;0 0 0 0 0;-1 -1 -1 -1 0
1037,128,0 0 -1 -1 -1;1 0 4 1 1;-1 -1 0 0 -1;0 0 0 0 2;-1 -1 -1 -1 0
1038,681,0 0 -1 -1 -1;1 0 4 1 1;-1 -1 0 0 -1;1 1 1 0 2;-1 -1 -1 -1 0
1039,82,0 0 -1 -1 -1;1 0 4 1 1;-1 -1 0 0 -1;1 1 1 0 4;-1 -1 -1 -1 0
1040,176,0 0 -1 -1 -1;1 0 4 1 1;-1 -1 0 2 -1;-1 -1 -1 0 -1;0 0 0 0 0
1041,193,0 0 -1 -1 -1;1 0 4 1 1;-1 -1 0 2 -1;-1 -1 -1 0 0;0 0 0 0 0
1042,134,0 0 -1 -1 -1;1 0 4 1 1;-1 -1 0 2 -1;0 0 0 0 2;-1 -1 -1 -1 0
1043,72,0 0 -1 -1 -1;1 0 4 1 1;0 0 0 0 0;-1 -1 -1 0 -1;-1 -1 -1 -1 0
1044,129,0 0 -1 -1 -1;1 0 4 1 1;0 0 0 0 0;-1 -1 -1 0 0;-1 -1 -1 -1 0
1045,193,0 0 -1 -1 -1;1 0 4 1 1;0 0 0 2 0;-1 -1 -1 0 0;-1 -1 -1 -1 0
1046,116,0 0 -1 -1 -1;1 0 4 1 1;1 1 0 4 1;-1 -1 -1 0 0;-1 -1 -1 -1 0
1047,239,0 0 -1 -1 -1;2 0 2 2 2;-1 -1 0 -1 -1;-1 -1 -1 0 -1;0 0 0 0 0
1048,239,0 0 -1 -1 -1;2 0 2 2 2;-1 -1 0 -1 -1;-1 -1 -1 0 0;0 0 0 0 0
1049,663,0 0 -1 -1 -1;2 0 2 2 2;-1 -1 0 -1 -1;1 1 1 0 2;-1 -1 -1 -1 0
1050,664,0 0 -1 -1 -1;2 0 4 2 2;-1 -1 0 -1 -1;-1 -1 -1 0 -1;3 3 3 3 0
1051,542,0 0 -1 -1 -1;2 0 4 2 2;1 1 0 2 1;-1 -1 -1 0 -1;-1 -1 -1 -1 0
1052,667,0 0 -1 -1 -1;3 0 6 3 3;1 1 0 2 1;-1 -1 -1 0 -1;-1 -1 -1 -1 0
1053,543,0 0 -1 -1 -1;3 0 6 3 3;1 1 0 4 1;-1 -1 -1 0 -1;-1 -1 -1 -1 0
1054,84,0 0 0 0 0;-1 0 -1 -1 -1;-1 -1 0 -1 -1;-1 -1 -1 0 -1;-1 -1 -1 -1 0
1055,80,0 0 0 0 0;-1 0 -1 -1 -1;-1 -1 0 -1 -1;-1 -1 -1 0 -1;0 0 0 0 0
1056,130,0 0 0 0 0;-1 0 -1 -1 -1;-1 -1 0 -1 -1;-1 -1 -1 0 -1;1 1 1 1 0
1057,177,0 0 0 0 0;-1 0 -1 -1 -1;-1 -1 0 -1 -1;-1 -1 -1 0 -1;2 2 2 2 0
1058,24,0 0 0 0 0;-1 0 -1 -1 -1;-1 -1 0 -1 -1;-1 -1 -1 0 0;-1 -1 -1 -1 0
1059,24,0 0 0 0 0;-1 0 -1 -1 -1;-1 -1 0 -1 -1;-1 -1 -1 0 0;0 0 0 0 0
1060,202,0 0 0 0 0;-1 0 -1 -1 -1;-1 -1 0 -1 -1;-1 -1 -1 0 2;-1 -1 -1 -1 0
1061,24,0 0 0 0 0;-1 0 -1 -1 -1;-1 -1 0 -1 -1;0 0 0 0 0;-1 -1 -1 -1 0
1062,24,0 0 0 0 0;-1 0 -1 -1 -1;-1 -1 0 -1 -1;0 0 0 0 0;0 0 0 0 0
1063,217,0 0 0 0 0;-1 0 -1 -1 -1;-1 -1 0 -1 -1;1 1 1 0 1;-1 -1 -1 -1 0
1064,63,0 0 0 0 0;-1 0 -1 -1 -1;-1 -1 0 -1 -1;1 1 1 0 1;1 1 1 1 0
1065,222,0 0 0 0 0;-1 0 -1 -1 -1;-1 -1 0 -1 -1;2 2 2 0 2;-1 -1 -1 -1 0
1066,24,0 0 0 0 0;-1 0 -1 -1 -1;-1 -1 0 0 -1;-1 -1 -1 0 -1;-1 -1 -1 -1 0
1067,24,0 0 0 0 0;-1 0 -1 -1 -1;-1 -1 0 0 -1;-1 -1 -1 0 -1;0 0 0 0 0
1068,24,0 0 0 0 0;-1 0 -1 -1 -1;-1 -1 0 0 -1;-1 -1 -1 0 0;-1 -1 -1 -1 0
1069,273,0 0 0 0 0;-1 0 -1 -1 -1;-1 -1 0 0 -1;-1 -1 -1 0 2;-1 -1 -1 -1 0
1070,22,0 0 0 0 0;-1 0 -1 -1 -1;-1 -1 0 0 -1;0 0 0 0 0;-1 -1 -1 -1 0
1071,135,0 0 0 0 0;-1 0 -1 -1 -1;-1 -1 0 1 -1;-1 -1 -1 0 -1;0 0 0 0 0
1072,43,0 0 0 0 0;-1 0 -1 -1 -1;-1 -1 0 2 -1;-1 -1 -1 0 -1;-1 -1 -1 -1 0
1073,136,0 0 0 0 0;-1 0 -1 -1 -1;-1 -1 0 2 -1;-1 -1 -1 0 -1;0 0 0 0 0
1074,43,0 0 0 0 0;-1 0 -1 -1 -1;-1 -1 0 2 -1;-1 -1 -1 0 0;0 0 0 0 0
1075,24,0 0 0 0 0;-1 0 -1 -1 -1;0 0 0 0 0;-1 -1 -1 0 -1;-1 -1 -1 -1 0
1076,24,0 0 0 0 0;-1 0 -1 -1 -1;0 0 0 0 0;-1 -1 -1 0 -1;0 0 0 0 0
1077,24,0 0 0 0 0;-1 0 -1 -1 -1;0 0 0 0 0;-1 -1 -1 0 0;-1 -1 -1 -1 0
1078,152,0 0 0 0 0;-1 0 -1 -1 -1;0 0 0 0 0;-1 -1 -1 0 2;-1 -1 -1 -1 0
1079,24,0 0 0 0 0;-1 0 -1 -1 -1;0 0 0 0 0;0 0 0 0 0;-1 -1 -1 -1 0
1080,22,0 0 0 0 0;-1 0 -1 -1 -1;0 0 0 0 0;0 0 0 0 0;0 0 0 0 0
1081,63,0 0 0 0 0;-1 0 -1 -1 -1;0 0 0 0 0;1 1 1 0 1;1 1 1 1 0
1082,243,0 0 0 0 0;-1 0 -1 -1 -1;0 0 0 2 0;-1 -1 -1 0 -1;-1 -1 -1 -1 0
1083,187,0 0 0 0 0;-1 0 -1 -1 -1;0 0 0 2 0;-1 -1 -1 0 0;-1 -1 -1 -1 0
1084,187,0 0 0 0 0;-1 0 -1 -1 -1;0 0 0 2 0;0 0 0 0 0;0 0 0 0 0
1085,197,0 0 0 0 0;-1 0 -1 -1 -1;0 0 0 3 0;-1 -1 -1 0 1;0 0 0 0 0
1086,238,0 0 0 0 0;-1 0 -1 -1 -1;1 1 0 1 1;-1 -1 -1 0 -1;-1 -1 -1 -1 0
1087,45,0 0 0 0 0;-1 0 -1 -1 -1;1 1 0 1 1;-1 -1 -1 0 -1;1 1 1 1 0
1088,45,0 0 0 0 0;-1 0 -1 -1 -1;1 1 0 1 1;0 0 0 0 0;1 1 1 1 0
1089,56,0 0 0 0 0;-1 0 -1 -1 -1;1 1 0 1 1;1 1 1 0 1;-1 -1 -1 -1 0
1090,56,0 0 0 0 0;-1 0 -1 -1 -1;1 1 0 1 1;1 1 1 0 1;0 0 0 0 0
1091,179,0 0 0 0 0;-1 0 -1 -1 -1;2 2 0 2 2;-1 -1 -1 0 -1;-1 -1 -1 -1 0
1092,137,0 0 0 0 0;-1 0 0 -1 -1;-1 -1 0 -1 -1;-1 -1 -1 0 -1;-1 -1 -1 -1 0
1093,24,0 0 0 0 0;-1 0 0 -1 -1;-1 -1 0 -1 -1;-1 -1 -1 0 -1;0 0 0 0 0
1094,24,0 0 0 0 0;-1 0 0 -1 -1;-1 -1 0 -1 -1;0 0 0 0 0;-1 -1 -1 -1 0
1095,273,0 0 0 0 0;-1 0 0 -1 -1;-1 -1 0 -1 -1;0 0 0 0 2;-1 -1 -1 -1 0
1096,24,0 0 0 0 0;-1 0 0 -1 -1;-1 -1 0 0 -1;-1 -1 -1 0 -1;-1 -1 -1 -1 0
1097,243,0 0 0 0 0;-1 0 0 -1 -1;-1 -1 0 2 -1;-1 -1 -1 0 -1;-1 -1 -1 -1 0
1098,54,0 0 0 0 0;-1 0 0 -1 -1;-1 -1 0 2 -1;-1 -1 -1 0 0;0 0 0 0 0
1099,544,0 0 0 0 0;-1 0 0 -1 -1;-1 -1 0 2 -1;0 0 0 0 0;1 1 1 1 0
1100,545,0 0 0 0 0;-1 0 0 -1 -1;-1 -1 0 2 -1;1 1 1 0 4;-1 -1 -1 -1 0
1101,22,0 0 0 0 0;-1 0 0 -1 -1;0 0 0 0 0;-1 -1 -1 0 -1;-1 -1 -1 -1 0
1102,24,0 0 0 0 0;-1 0 0 -1 -1;0 0 0 0 0;-1 -1 -1 0 0;-1 -1 -1 -1 0
1103,61,0 0 0 0 0;-1 0 0 -1 -1;0 0 0 0 0;-1 -1 -1 0 2;-1 -1 -1 -1 0
1104,312,0 0 0 0 0;-1 0 0 -1 -1;1 1 0 4 1;-1 -1 -1 0 -1;-1 -1 -1 -1 0
1105,546,0 0 0 0 0;-1 0 0 -1 -1;1 1 0 4 1;-1 -1 -1 0 2;0 0 0 0 0
1106,153,0 0 0 0 0;-1 0 1 -1 -1;-1 -1 0 -1 -1;-1 -1 -1 0 -1;-1 -1 -1 -1 0
1107,37,0 0 0 0 0;-1 0 1 -1 -1;-1 -1 0 -1 -1;-1 -1 -1 0 -1;0 0 0 0 0
1108,263,0 0 0 0 0;-1 0 1 -1 -1;-1 -1 0 -1 -1;-1 -1 -1 0 1;-1 -1 -1 -1 0
1109,145,0 0 0 0 0;-1 0 1 -1 -1;-1 -1 0 -1 -1;-1 -1 -1 0 1;0 0 0 0 0
1110,36,0 0 0 0 0;-1 0 1 -1 -1;-1 -1 0 -1 -1;0 0 0 0 0;-1 -1 -1 -1 0
1111,156,0 0 0 0 0;-1 0 1 -1 -1;-1 -1 0 -1 -1;0 0 0 0 1;-1 -1 -1 -1 0
1112,145,0 0 0 0 0;-1 0 1 -1 -1;0 0 0 0 0;-1 -1 -1 0 1;-1 -1 -1 -1 0
1113,90,0 0 0 0 0;-1 0 1 -1 -1;0 0 0 0 0;0 0 0 0 3;-1 -1 -1 -1 0
1114,93,0 0 0 0 0;-1 0 2 -1 -1;-1 -1 0 -1 -1;-1 -1 -1 0 -1;-1 -1 -1 -1 0
1115,93,0 0 0 0 0;-1 0 2 -1 -1;-1 -1 0 -1 -1;-1 -1 -1 0 -1;0 0 0 0 0
1116,93,0 0 0 0 0;-1 0 2 -1 -1;-1 -1 0 -1 -1;-1 -1 -1 0 0;0 0 0 0 0
1117,161,0 0 0 0 0;-1 0 2 -1 -1;-1 -1 0 -1 -1;0 0 0 0 0;-1 -1 -1 -1 0
1118,119,0 0 0 0 0;-1 0 2 -1 -1;-1 -1 0 -1 -1;0 0 0 0 2;-1 -1 -1 -1 0
1119,166,0 0 0 0 0;-1 0 2 -1 -1;-1 -1 0 -1 -1;1 1 1 0 2;-1 -1 -1 -1 0
1120,93,0 0 0 0 0;-1 0 2 -1 -1;-1 -1 0 0 -1;0 0 0 0 0;-1 -1 -1 -1 0
1121,213,0 0 0 0 0;-1 0 2 -1 -1;0 0 0 0 0;-1 -1 -1 0 0;1 1 1 1 0
1122,392,0 0 0 0 0;-1 0 2 -1 -1;0 0 0 0 0;1 1 1 0 4;-1 -1 -1 -1 0
1123,547,0 0 0 0 0;-1 0 2 -1 -1;1 1 0 1 1;0 0 0 0 0;-1 -1 -1 -1 0
1124,548,0 0 0 0 0;-1 0 2 -1 -1;1 1 0 1 1;0 0 0 0 2;-1 -1 -1 -1 0
1125,668,0 0 0 0 0;-1 0 2 -1 -1;1 1 0 4 1;-1 -1 -1 0 -1;-1 -1 -1 -1 0
1126,84,0 0 0 0 0;0 0 0 0 0;-1 -1 0 -1 -1;-1 -1 -1 0 -1;-1 -1 -1 -1 0
1127,24,0 0 0 0 0;0 0 0 0 0;-1 -1 0 -1 -1;-1 -1 -1 0 -1;0 0 0 0 0
1128,20,0 0 0 0 0;0 0 0 0 0;-1 -1 0 -1 -1;-1 -1 -1 0 -1;1 1 1 1 0
1129,24,0 0 0 0 0;0 0 0 0 0;-1 -1 0 -1 -1;-1 -1 -1 0 0;-1 -1 -1 -1 0
1130,39,0 0 0 0 0;0 0 0 0 0;-1 -1 0 -1 -1;-1 -1 -1 0 1;-1 -1 -1 -1 0
1131,93,0 0 0 0 0;0 0 0 0 0;-1 -1 0 -1 -1;-1 -1 -1 0 2;-1 -1 -1 -1 0
1132,549,0 0 0 0 0;0 0 0 0 0;-1 -1 0 -1 -1;-1 -1 -1 0 2;1 1 1 1 0
1133,24,0 0 0 0 0;0 0 0 0 0;-1 -1 0 -1 -1;0 0 0 0 0;-1 -1 -1 -1 0
1134,22,0 0 0 0 0;0 0 0 0 0;-1 -1 0 -1 -1;0 0 0 0 0;0 0 0 0 0
1135,273,0 0 0 0 0;0 0 0 0 0;-1 -1 0 -1 -1;0 0 0 0 2;0 0 0 0 0
1136,98,0 0 0 0 0;0 0 0 0 0;-1 -1 0 -1 -1;0 0 0 0 3;-1 -1 -1 -1 0
1137,63,0 0 0 0 0;0 0 0 0 0;-1 -1 0 -1 -1;1 1 1 0 1;1 1 1 1 0
1138,100,0 0 0 0 0;0 0 0 0 0;-1 -1 0 -1 -1;1 1 1 0 4;-1 -1 -1 -1 0
1139,24,0 0 0 0 0;0 0 0 0 0;-1 -1 0 0 -1;-1 -1 -1 0 -1;-1 -1 -1 -1 0
1140,159,0 0 0 0 0;0 0 0 0 0;-1 -1 0 1 -1;-1 -1 -1 0 -1;-1 -1 -1 -1 0
1141,24,0 0 0 0 0;0 0 0 0 0;0 0 0 0 0;-1 -1 -1 0 -1;-1 -1 -1 -1 0
1142,22,0 0 0 0 0;0 0 0 0 0;0 0 0 0 0;-1 -1 -1 0 -1;0 0 0 0 0
1143,22,0 0 0 0 0;0 0 0 0 0;0 0 0 0 0;0 0 0 0 0;-1 -1 -1 -1 0
1144,24,0 0 0 0 0;0 0 0 0 0;0 0 0 0 0;0 0 0 0 0;0 0 0 0 0
1145,89,0 0 0 0 0;0 0 0 0 0;0 0 0 0 0;0 0 0 0 1;-1 -1 -1 -1 0
1146,56,0 0 0 0 0;0 0 0 0 0;0 0 0 0 0;0 0 0 0 2;-1 -1 -1 -1 0
1147,98,0 0 0 0 0;0 0 0 0 0;0 0 0 0 0;0 0 0 0 3;-1 -1 -1 -1 0
1148,132,0 0 0 0 0;0 0 0 0 0;0 0 0 0 0;2 2 2 0 5;-1 -1 -1 -1 0
1149,193,0 0 0 0 0;0 0 0 0 0;0 0 0 1 0;-1 -1 -1 0 -1;-1 -1 -1 -1 0
1150,78,0 0 0 0 0;0 0 0 0 0;0 0 0 1 0;-1 -1 -1 0 -1;0 0 0 0 0
1151,243,0 0 0 0 0;0 0 0 0 0;0 0 0 2 0;-1 -1 -1 0 -1;-1 -1 -1 -1 0
1152,124,0 0 0 0 0;0 0 0 0 0;0 0 0 2 0;-1 -1 -1 0 -1;0 0 0 0 0
1153,131,0 0 0 0 0;0 0 0 0 0;0 0 0 2 0;-1 -1 -1 0 -1;1 1 1 1 0
1154,187,0 0 0 0 0;0 0 0 0 0;0 0 0 2 0;-1 -1 -1 0 0;-1 -1 -1 -1 0
1155,96,0 0 0 0 0;0 0 0 0 0;0 0 0 3 0;-1 -1 -1 0 -1;-1 -1 -1 -1 0
1156,45,0 0 0 0 0;0 0 0 0 0;1 1 0 1 1;-1 -1 -1 0 -1;1 1 1 1 0
1157,56,0 0 0 0 0;0 0 0 0 0;1 1 0 1 1;1 1 1 0 1;-1 -1 -1 -1 0
1158,81,0 0 0 0 0;0 0 1 0 0;-1 -1 0 -1 -1;-1 -1 -1 0 -1;-1 -1 -1 -1 0
1159,344,0 0 0 0 0;0 0 1 0 0;-1 -1 0 -1 -1;-1 -1 -1 0 -1;0 0 0 0 0
1160,156,0 0 0 0 0;0 0 1 0 0;-1 -1 0 -1 -1;-1 -1 -1 0 1;-1 -1 -1 -1 0
1161,81,0 0 0 0 0;0 0 1 0 0;-1 -1 0 -1 -1;0 0 0 0 0;0 0 0 0 0
1162,198,0 0 0 0 0;0 0 1 0 0;-1 -1 0 -1 -1;0 0 0 0 1;0 0 0 0 0
1163,269,0 0 0 0 0;0 0 1 0 0;-1 -1 0 -1 -1;0 0 0 0 3;-1 -1 -1 -1 0
1164,90,0 0 0 0 0;0 0 1 0 0;-1 -1 0 -1 -1;0 0 0 0 3;0 0 0 0 0
1165,130,0 0 0 0 0;0 0 1 0 0;0 0 0 0 0;0 0 0 0 1;-1 -1 -1 -1 0
1166,201,0 0 0 0 0;0 0 1 0 0;0 0 0 0 0;0 0 0 0 3;-1 -1 -1 -1 0
1167,550,0 0 0 0 0;0 0 1 0 0;0 0 0 1 0;0 0 0 0 3;-1 -1 -1 -1 0
1168,93,0 0 0 0 0;0 0 2 0 0;-1 -1 0 -1 -1;-1 -1 -1 0 0;-1 -1 -1 -1 0
1169,25,0 0 0 0 0;0 0 2 0 0;-1 -1 0 -1 -1;-1 -1 -1 0 2;-1 -1 -1 -1 0
1170,551,0 0 0 0 0;0 0 2 0 0;-1 -1 0 -1 -1;-1 -1 -1 0 2;1 1 1 1 0
1171,93,0 0 0 0 0;0 0 2 0 0;-1 -1 0 -1 -1;0 0 0 0 0;0 0 0 0 0
1172,184,0 0 0 0 0;0 0 2 0 0;-1 -1 0 -1 -1;0 0 0 0 2;0 0 0 0 0
1173,392,0 0 0 0 0;0 0 2 0 0;-1 -1 0 -1 -1;1 1 1 0 4;-1 -1 -1 -1 0
1174,184,0 0 0 0 0;0 0 2 0 0;0 0 0 0 0;0 0 0 0 2;-1 -1 -1 -1 0
1175,67,0 0 0 0 0;0 0 3 0 0;-1 -1 0 -1 -1;-1 -1 -1 0 -1;-1 -1 -1 -1 0
1176,67,0 0 0 0 0;0 0 3 0 0;-1 -1 0 -1 -1;-1 -1 -1 0 -1;0 0 0 0 0
1177,97,0 0 0 0 0;0 0 3 0 0;-1 -1 0 -1 -1;-1 -1 -1 0 1;0 0 0 0 0
1178,67,0 0 0 0 0;0 0 3 0 0;-1 -1 0 -1 -1;0 0 0 0 0;-1 -1 -1 -1 0
1179,67,0 0 0 0 0;0 0 3 0 0;-1 -1 0 -1 -1;0 0 0 0 0;0 0 0 0 0
1180,97,0 0 0 0 0;0 0 3 0 0;-1 -1 0 -1 -1;0 0 0 0 1;-1 -1 -1 -1 0
1181,432,0 0 0 0 0;0 0 3 0 0;-1 -1 0 -1 -1;0 0 0 0 3;0 0 0 0 0
1182,167,0 0 0 0 0;0 0 3 0 0;-1 -1 0 1 -1;0 0 0 0 0;-1 -1 -1 -1 0
1183,432,0 0 0 0 0;0 0 3 0 0;0 0 0 0 0;0 0 0 0 3;-1 -1 -1 -1 0
1184,172,0 0 0 0 0;0 0 3 0 0;0 0 0 0 0;2 2 2 0 5;-1 -1 -1 -1 0
1185,306,0 0 0 0 0;1 0 1 1 1;-1 -1 0 -1 -1;-1 -1 -1 0 -1;-1 -1 -1 -1 0
1186,60,0 0 0 0 0;1 0 1 1 1;-1 -1 0 -1 -1;-1 -1 -1 0 -1;1 1 1 1 0
1187,60,0 0 0 0 0;1 0 1 1 1;-1 -1 0 -1 -1;0 0 0 0 0;1 1 1 1 0
1188,50,0 0 0 0 0;1 0 1 1 1;-1 -1 0 -1 -1;1 1 1 0 1;-1 -1 -1 -1 0
1189,50,0 0 0 0 0;1 0 1 1 1;-1 -1 0 -1 -1;1 1 1 0 1;0 0 0 0 0
1190,60,0 0 0 0 0;1 0 1 1 1;0 0 0 0 0;-1 -1 -1 0 -1;1 1 1 1 0
1191,50,0 0 0 0 0;1 0 1 1 1;0 0 0 0 0;1 1 1 0 1;-1 -1 -1 -1 0
1192,48,0 0 0 0 0;1 0 1 1 1;1 1 0 1 1;-1 -1 -1 0 -1;-1 -1 -1 -1 0
1193,48,0 0 0 0 0;1 0 1 1 1;1 1 0 1 1;-1 -1 -1 0 -1;0 0 0 0 0
1194,48,0 0 0 0 0;1 0 1 1 1;1 1 0 1 1;0 0 0 0 0;-1 -1 -1 -1 0
1195,216,0 0 0 0 0;1 0 2 1 1;-1 -1 0 -1 -1;0 0 0 0 0;-1 -1 -1 -1 0
1196,196,0 0 0 0 0;1 0 2 1 1;-1 -1 0 2 -1;-1 -1 -1 0 -1;-1 -1 -1 -1 0
1197,88,0 0 0 0 0;1 0 4 1 1;-1 -1 0 -1 -1;-1 -1 -1 0 -1;0 0 0 0 0
1198,88,0 0 0 0 0;1 0 4 1 1;-1 -1 0 -1 -1;-1 -1 -1 0 0;-1 -1 -1 -1 0
1199,382,0 0 0 0 0;1 0 4 1 1;-1 -1 0 -1 -1;-1 -1 -1 0 2;0 0 0 0 0
1200,88,0 0 0 0 0;1 0 4 1 1;-1 -1 0 -1 -1;0 0 0 0 0;-1 -1 -1 -1 0
1201,382,0 0 0 0 0;1 0 4 1 1;-1 -1 0 -1 -1;0 0 0 0 2;-1 -1 -1 -1 0
1202,552,0 0 0 0 0;1 0 4 1 1;-1 -1 0 2 -1;0 0 0 0 0;-1 -1 -1 -1 0
1203,239,0 0 0 0 0;2 0 2 2 2;-1 -1 0 -1 -1;-1 -1 -1 0 -1;-1 -1 -1 -1 0
1204,79,0 0 0 0 0;2 0 5 2 2;-1 -1 0 -1 -1;0 0 0 0 0;0 0 0 0 0
1205,208,0 0 0 0 0;2 0 5 2 2;-1 -1 0 -1 -1;0 0 0 0 3;0 0 0 0 0
1206,203,0 0 1 0 1;-1 0 -1 -1 -1;-1 -1 0 -1 -1;-1 -1 -1 0 -1;-1 -1 -1 -1 0
1207,331,0 0 1 0 1;-1 0 -1 -1 -1;-1 -1 0 -1 -1;0 0 0 0 1;-1 -1 -1 -1 0
1208,343,0 0 1 0 1;-1 0 -1 -1 -1;0 0 0 0 0;-1 -1 -1 0 -1;0 0 0 0 0
1209,177,0 0 1 0 1;-1 0 1 -1 -1;-1 -1 0 -1 -1;0 0 0 0 1;-1 -1 -1 -1 0
1210,119,0 0 1 0 1;-1 0 1 -1 -1;0 0 0 0 0;0 0 0 0 1;-1 -1 -1 -1 0
1211,160,0 0 1 0 1;-1 0 1 -1 -1;0 0 0 0 0;0 0 0 0 1;0 0 0 0 0
1212,203,0 0 1 0 1;-1 0 1 -1 -1;0 0 0 0 0;0 0 0 0 3;0 0 0 0 0
1213,333,0 0 1 0 1;0 0 1 0 0;-1 -1 0 -1 -1;-1 -1 -1 0 -1;-1 -1 -1 -1 0
1214,186,0 0 1 0 1;0 0 1 0 0;-1 -1 0 -1 -1;-1 -1 -1 0 1;-1 -1 -1 -1 0
1215,157,0 0 1 0 1;0 0 1 0 0;-1 -1 0 -1 -1;-1 -1 -1 0 1;0 0 0 0 0
1216,67,0 0 1 0 1;0 0 1 0 0;-1 -1 0 -1 -1;0 0 0 0 3;-1 -1 -1 -1 0
1217,309,0 0 1 0 1;0 0 1 0 0;-1 -1 0 -1 -1;0 0 0 0 3;0 0 0 0 0
1218,160,0 0 1 0 1;0 0 1 0 0;0 0 0 0 0;-1 -1 -1 0 1;0 0 0 0 0
1219,203,0 0 1 0 1;0 0 1 0 0;0 0 0 0 0;0 0 0 0 3;-1 -1 -1 -1 0
1220,138,0 0 1 0 1;0 0 3 0 0;-1 -1 0 -1 -1;0 0 0 0 1;-1 -1 -1 -1 0
1221,176,0 0 1 0 1;0 0 3 0 0;-1 -1 0 -1 -1;0 0 0 0 1;0 0 0 0 0
1222,191,0 0 1 0 1;0 0 3 0 0;-1 -1 0 -1 -1;0 0 0 0 3;0 0 0 0 0
1223,176,0 0 1 0 1;0 0 3 0 0;0 0 0 0 0;-1 -1 -1 0 1;0 0 0 0 0
1224,394,0 0 1 0 1;0 0 3 0 0;0 0 0 0 0;0 0 0 0 1;-1 -1 -1 -1 0
1225,191,0 0 1 0 1;0 0 3 0 0;0 0 0 0 0;0 0 0 0 3;-1 -1 -1 -1 0
1226,197,0 0 1 0 1;0 0 3 0 0;0 0 0 0 0;1 1 1 0 3;-1 -1 -1 -1 0
1227,204,0 0 1 0 1;1 0 3 1 1;-1 -1 0 -1 -1;0 0 0 0 3;0 0 0 0 0
1228,158,0 0 2 0 2;-1 0 -1 -1 -1;-1 -1 0 -1 -1;-1 -1 -1 0 -1;-1 -1 -1 -1 0
1229,168,0 0 2 0 2;-1 0 -1 -1 -1;-1 -1 0 -1 -1;0 0 0 0 2;-1 -1 -1 -1 0
1230,158,0 0 2 0 2;-1 0 0 -1 -1;-1 -1 0 -1 -1;0 0 0 0 0;-1 -1 -1 -1 0
1231,165,0 0 2 0 2;-1 0 0 -1 -1;-1 -1 0 -1 -1;0 0 0 0 2;-1 -1 -1 -1 0
1232,56,0 0 2 0 2;-1 0 0 -1 -1;-1 -1 0 -1 -1;0 0 0 0 2;0 0 0 0 0
1233,121,0 0 2 0 2;-1 0 0 -1 -1;-1 -1 0 -1 -1;1 1 1 0 4;1 1 1 1 0
1234,170,0 0 2 0 2;-1 0 0 -1 -1;0 0 0 0 0;-1 -1 -1 0 2;-1 -1 -1 -1 0
1235,168,0 0 2 0 2;-1 0 0 -1 -1;1 1 0 1 1;-1 -1 -1 0 0;1 1 1 1 0
1236,161,0 0 2 0 2;-1 0 0 -1 -1;1 1 0 1 1;0 0 0 0 2;0 0 0 0 0
1237,163,0 0 2 0 2;-1 0 0 -1 -1;1 1 0 1 1;0 0 0 0 2;1 1 1 1 0
1238,200,0 0 2 0 2;-1 0 0 -1 -1;1 1 0 1 1;1 1 1 0 4;-1 -1 -1 -1 0
1239,200,0 0 2 0 2;-1 0 0 -1 -1;1 1 0 1 1;1 1 1 0 4;0 0 0 0 0
1240,155,0 0 2 0 2;-1 0 2 -1 -1;-1 -1 0 -1 -1;-1 -1 -1 0 0;0 0 0 0 0
1241,82,0 0 2 0 2;-1 0 2 -1 -1;-1 -1 0 -1 -1;0 0 0 0 0;-1 -1 -1 -1 0
1242,19,0 0 2 0 2;-1 0 2 -1 -1;-1 -1 0 -1 -1;0 0 0 0 2;-1 -1 -1 -1 0
1243,199,0 0 2 0 2;-1 0 2 -1 -1;-1 -1 0 -1 -1;0 0 0 0 2;0 0 0 0 0
1244,251,0 0 2 0 2;-1 0 2 -1 -1;0 0 0 0 0;1 1 1 0 4;-1 -1 -1 -1 0
1245,553,0 0 2 0 2;-1 0 2 -1 -1;1 1 0 1 1;0 0 0 0 0;-1 -1 -1 -1 0
1246,255,0 0 2 0 2;-1 0 2 -1 -1;1 1 0 1 1;0 0 0 0 2;-1 -1 -1 -1 0
1247,158,0 0 2 0 2;0 0 0 0 0;-1 -1 0 -1 -1;-1 -1 -1 0 0;-1 -1 -1 -1 0
1248,135,0 0 2 0 2;0 0 0 0 0;-1 -1 0 -1 -1;-1 -1 -1 0 2;-1 -1 -1 -1 0
1249,554,0 0 2 0 2;0 0 0 0 0;-1 -1 0 -1 -1;-1 -1 -1 0 2;1 1 1 1 0
1250,682,0 0 2 0 2;0 0 0 0 0;-1 -1 0 -1 -1;1 1 1 0 4;-1 -1 -1 -1 0
1251,138,0 0 2 0 2;0 0 2 0 0;-1 -1 0 -1 -1;-1 -1 -1 0 -1;-1 -1 -1 -1 0
1252,141,0 0 2 0 2;0 0 2 0 0;-1 -1 0 -1 -1;-1 -1 -1 0 0;-1 -1 -1 -1 0
1253,19,0 0 2 0 2;0 0 2 0 0;-1 -1 0 -1 -1;-1 -1 -1 0 2;-1 -1 -1 -1 0
1254,268,0 0 2 0 2;0 0 2 0 0;-1 -1 0 -1 -1;-1 -1 -1 0 2;1 1 1 1 0
1255,251,0 0 2 0 2;0 0 2 0 0;-1 -1 0 -1 -1;1 1 1 0 4;-1 -1 -1 -1 0
1256,122,0 0 2 0 2;0 0 2 0 0;-1 -1 0 -1 -1;1 1 1 0 4;1 1 1 1 0
1257,121,0 0 2 0 2;0 0 2 0 0;0 0 0 0 0;-1 -1 -1 0 0;-1 -1 -1 -1 0
1258,170,0 0 2 0 2;0 0 2 0 0;0 0 0 0 0;-1 -1 -1 0 0;1 1 1 1 0
1259,205,0 0 2 0 2;0 0 2 0 0;0 0 0 0 0;-1 -1 -1 0 2;-1 -1 -1 -1 0
1260,164,0 0 2 0 2;0 0 2 0 0;1 1 0 1 1;-1 -1 -1 0 0;1 1 1 1 0
1261,201,0 0 2 0 2;0 0 2 0 0;1 1 0 1 1;1 1 1 0 4;-1 -1 -1 -1 0
1262,170,0 0 2 0 2;1 0 4 1 1;-1 -1 0 -1 -1;-1 -1 -1 0 0;1 1 1 1 0
1263,260,0 0 2 0 2;1 0 4 1 1;-1 -1 0 -1 -1;-1 -1 -1 0 2;0 0 0 0 0
1264,683,0 0 2 0 2;1 0 4 1 1;-1 -1 0 -1 -1;0 0 0 0 0;-1 -1 -1 -1 0
1265,260,0 0 2 0 2;1 0 4 1 1;-1 -1 0 -1 -1;0 0 0 0 2;-1 -1 -1 -1 0
1266,171,0 0 2 0 2;1 0 4 1 1;-1 -1 0 -1 -1;0 0 0 0 2;1 1 1 1 0
1267,189,0 0 2 0 2;1 0 4 1 1;-1 -1 0 -1 -1;1 1 1 0 4;-1 -1 -1 -1 0
1268,189,0 0 2 0 2;1 0 4 1 1;-1 -1 0 -1 -1;1 1 1 0 4;0 0 0 0 0
1269,170,0 0 2 0 2;1 0 4 1 1;0 0 0 0 0;-1 -1 -1 0 0;1 1 1 1 0
1270,189,0 0 2 0 2;1 0 4 1 1;0 0 0 0 0;1 1 1 0 4;-1 -1 -1 -1 0
1271,124,0 0 2 0 2;1 0 4 1 1;1 1 0 1 1;-1 -1 -1 0 0;-1 -1 -1 -1 0
1272,132,0 0 2 0 2;1 0 4 1 1;1 1 0 1 1;0 0 0 0 2;-1 -1 -1 -1 0
1273,247,0 0 3 0 3;-1 0 -1 -1 -1;-1 -1 0 -1 -1;-1 -1 -1 0 -1;-1 -1 -1 -1 0
1274,247,0 0 3 0 3;-1 0 -1 -1 -1;-1 -1 0 -1 -1;-1 -1 -1 0 -1;0 0 0 0 0
1275,223,0 0 3 0 3;-1 0 -1 -1 -1;-1 -1 0 -1 -1;-1 -1 -1 0 -1;2 2 2 2 0
1276,107,0 0 3 0 3;-1 0 -1 -1 -1;-1 -1 0 -1 -1;-1 -1 -1 0 1;-1 -1 -1 -1 0
1277,107,0 0 3 0 3;-1 0 -1 -1 -1;-1 -1 0 -1 -1;-1 -1 -1 0 1;0 0 0 0 0
1278,141,0 0 3 0 3;-1 0 -1 -1 -1;-1 -1 0 -1 -1;-1 -1 -1 0 1;2 2 2 2 0
1279,335,0 0 3 0 3;-1 0 -1 -1 -1;-1 -1 0 -1 -1;0 0 0 0 3;-1 -1 -1 -1 0
1280,214,0 0 3 0 3;-1 0 -1 -1 -1;-1 -1 0 -1 -1;2 2 2 0 5;-1 -1 -1 -1 0
1281,247,0 0 3 0 3;-1 0 -1 -1 -1;0 0 0 0 0;-1 -1 -1 0 -1;-1 -1 -1 -1 0
1282,107,0 0 3 0 3;-1 0 -1 -1 -1;0 0 0 0 0;-1 -1 -1 0 1;-1 -1 -1 -1 0
1283,215,0 0 3 0 3;-1 0 -1 -1 -1;2 2 0 2 2;-1 -1 -1 0 -1;-1 -1 -1 -1 0
1284,156,0 0 3 0 3;-1 0 -1 -1 -1;2 2 0 2 2;-1 -1 -1 0 1;-1 -1 -1 -1 0
1285,119,0 0 3 0 3;-1 0 1 -1 -1;-1 -1 0 -1 -1;-1 -1 -1 0 -1;-1 -1 -1 -1 0
1286,119,0 0 3 0 3;-1 0 1 -1 -1;-1 -1 0 -1 -1;-1 -1 -1 0 -1;0 0 0 0 0
1287,142,0 0 3 0 3;-1 0 1 -1 -1;-1 -1 0 -1 -1;-1 -1 -1 0 -1;2 2 2 2 0
1288,106,0 0 3 0 3;-1 0 1 -1 -1;-1 -1 0 -1 -1;-1 -1 -1 0 1;-1 -1 -1 -1 0
1289,224,0 0 3 0 3;-1 0 1 -1 -1;-1 -1 0 -1 -1;-1 -1 -1 0 1;0 0 0 0 0
1290,144,0 0 3 0 3;-1 0 1 -1 -1;-1 -1 0 -1 -1;-1 -1 -1 0 1;2 2 2 2 0
1291,120,0 0 3 0 3;-1 0 1 -1 -1;-1 -1 0 -1 -1;0 0 0 0 3;-1 -1 -1 -1 0
1292,70,0 0 3 0 3;-1 0 1 -1 -1;-1 -1 0 -1 -1;0 0 0 0 3;0 0 0 0 0
1293,101,0 0 3 0 3;-1 0 1 -1 -1;-1 -1 0 -1 -1;2 2 2 0 5;-1 -1 -1 -1 0
1294,119,0 0 3 0 3;-1 0 1 -1 -1;0 0 0 0 0;-1 -1 -1 0 -1;-1 -1 -1 -1 0
1295,224,0 0 3 0 3;-1 0 1 -1 -1;0 0 0 0 0;-1 -1 -1 0 1;-1 -1 -1 -1 0
1296,120,0 0 3 0 3;-1 0 1 -1 -1;0 0 0 0 0;-1 -1 -1 0 1;0 0 0 0 0
1297,224,0 0 3 0 3;-1 0 1 -1 -1;0 0 0 0 0;0 0 0 0 1;0 0 0 0 0
1298,262,0 0 3 0 3;-1 0 1 -1 -1;0 0 0 0 0;0 0 0 0 3;-1 -1 -1 -1 0
1299,157,0 0 3 0 3;-1 0 1 -1 -1;2 2 0 2 2;-1 -1 -1 0 -1;-1 -1 -1 -1 0
1300,158,0 0 3 0 3;-1 0 1 -1 -1;2 2 0 2 2;-1 -1 -1 0 1;-1 -1 -1 -1 0
1301,247,0 0 3 0 3;0 0 0 0 0;-1 -1 0 -1 -1;0 0 0 0 0;-1 -1 -1 -1 0
1302,247,0 0 3 0 3;0 0 0 0 0;-1 -1 0 -1 -1;0 0 0 0 0;0 0 0 0 0
1303,335,0 0 3 0 3;0 0 0 0 0;-1 -1 0 -1 -1;0 0 0 0 3;0 0 0 0 0
1304,247,0 0 3 0 3;0 0 0 0 0;0 0 0 0 0;0 0 0 0 0;-1 -1 -1 -1 0
1305,224,0 0 3 0 3;0 0 1 0 0;-1 -1 0 -1 -1;0 0 0 0 1;0 0 0 0 0
1306,224,0 0 3 0 3;0 0 1 0 0;0 0 0 0 0;-1 -1 -1 0 1;0 0 0 0 0
1307,224,0 0 3 0 3;0 0 1 0 0;0 0 0 0 0;0 0 0 0 1;-1 -1 -1 -1 0
1308,120,0 0 3 0 3;0 0 1 0 0;0 0 0 0 0;0 0 0 0 3;-1 -1 -1 -1 0
1309,364,0 0 3 0 3;0 0 3 0 0;-1 -1 0 -1 -1;-1 -1 -1 0 -1;-1 -1 -1 -1 0
1310,102,0 0 3 0 3;0 0 3 0 0;-1 -1 0 -1 -1;-1 -1 -1 0 1;-1 -1 -1 -1 0
1311,267,0 0 3 0 3;0 0 3 0 0;-1 -1 0 -1 -1;-1 -1 -1 0 1;0 0 0 0 0
1312,102,0 0 3 0 3;0 0 3 0 0;-1 -1 0 -1 -1;0 0 0 0 1;0 0 0 0 0
1313,13,0 0 3 0 3;0 0 3 0 0;-1 -1 0 -1 -1;0 0 0 0 3;0 0 0 0 0
1314,93,0 0 3 0 3;0 0 3 0 0;0 0 0 0 0;-1 -1 -1 0 1;-1 -1 -1 -1 0
1315,364,0 0 3 0 3;0 0 3 0 0;0 0 0 0 0;0 0 0 0 0;-1 -1 -1 -1 0
1316,13,0 0 3 0 3;0 0 3 0 0;0 0 0 0 0;0 0 0 0 3;-1 -1 -1 -1 0
1317,13,0 0 3 0 3;0 0 3 0 0;0 0 0 0 0;0 0 0 0 3;0 0 0 0 0
1318,226,0 0 3 0 3;2 0 5 2 2;-1 -1 0 -1 -1;-1 -1 -1 0 -1;-1 -1 -1 -1 0
1319,76,0 0 3 0 3;2 0 5 2 2;-1 -1 0 -1 -1;-1 -1 -1 0 1;-1 -1 -1 -1 0
1320,66,0 1 -1 -1 -1;-1 0 -1 -1 -1;-1 -1 0 -1 -1;-1 -1 -1 0 -1;-1 -1 -1 -1 0
1321,227,0 1 -1 -1 -1;-1 0 -1 -1 -1;-1 -1 0 -1 -1;-1 -1 -1 0 -1;0 0 0 0 0
1322,107,0 1 -1 -1 -1;-1 0 -1 -1 -1;-1 -1 0 -1 -1;-1 -1 -1 0 1;-1 -1 -1 -1 0
1323,144,0 1 -1 -1 -1;-1 0 -1 -1 -1;-1 -1 0 -1 -1;-1 -1 -1 0 1;0 0 0 0 0
1324,106,0 1 -1 -1 -1;-1 0 -1 -1 -1;-1 -1 0 -1 -1;0 0 0 0 0;0 0 0 0 0
1325,271,0 1 -1 -1 -1;-1 0 -1 -1 -1;-1 -1 0 -1 -1;0 0 0 0 1;0 0 0 0 0
1326,178,0 1 -1 -1 -1;-1 0 -1 -1 -1;-1 -1 0 -1 -1;0 0 0 0 3;-1 -1 -1 -1 0
1327,188,0 1 -1 -1 -1;-1 0 -1 -1 -1;-1 -1 0 -1 -1;0 0 0 0 3;0 0 0 0 0
1328,51,0 1 -1 -1 -1;-1 0 -1 -1 -1;-1 -1 0 -1 -1;1 1 1 0 1;-1 -1 -1 -1 0
1329,159,0 1 -1 -1 -1;-1 0 -1 -1 -1;-1 -1 0 -1 -1;1 1 1 0 1;1 1 1 1 0
1330,160,0 1 -1 -1 -1;-1 0 -1 -1 -1;-1 -1 0 -1 -1;1 1 1 0 3;1 1 1 1 0
1331,73,0 1 -1 -1 -1;-1 0 -1 -1 -1;-1 -1 0 1 -1;-1 -1 -1 0 -1;-1 -1 -1 -1 0
1332,61,0 1 -1 -1 -1;-1 0 -1 -1 -1;-1 -1 0 1 -1;-1 -1 -1 0 -1;0 0 0 0 0
1333,188,0 1 -1 -1 -1;-1 0 -1 -1 -1;-1 -1 0 1 -1;-1 -1 -1 0 -1;1 1 1 1 0
1334,150,0 1 -1 -1 -1;-1 0 -1 -1 -1;-1 -1 0 1 -1;-1 -1 -1 0 1;-1 -1 -1 -1 0
1335,82,0 1 -1 -1 -1;-1 0 -1 -1 -1;-1 -1 0 1 -1;-1 -1 -1 0 1;0 0 0 0 0
1336,73,0 1 -1 -1 -1;-1 0 -1 -1 -1;-1 -1 0 1 -1;0 0 0 0 0;-1 -1 -1 -1 0
1337,41,0 1 -1 -1 -1;-1 0 -1 -1 -1;-1 -1 0 1 -1;0 0 0 0 0;0 0 0 0 0
1338,188,0 1 -1 -1 -1;-1 0 -1 -1 -1;-1 -1 0 1 -1;0 0 0 0 0;1 1 1 1 0
1339,157,0 1 -1 -1 -1;-1 0 -1 -1 -1;-1 -1 0 1 -1;0 0 0 0 1;-1 -1 -1 -1 0
1340,87,0 1 -1 -1 -1;-1 0 -1 -1 -1;-1 -1 0 1 -1;0 0 0 0 1;0 0 0 0 0
1341,131,0 1 -1 -1 -1;-1 0 -1 -1 -1;-1 -1 0 1 -1;0 0 0 0 3;-1 -1 -1 -1 0
1342,146,0 1 -1 -1 -1;-1 0 -1 -1 -1;-1 -1 0 1 -1;0 0 0 0 3;0 0 0 0 0
1343,66,0 1 -1 -1 -1;-1 0 -1 -1 -1;0 0 0 0 0;-1 -1 -1 0 -1;-1 -1 -1 -1 0
1344,161,0 1 -1 -1 -1;-1 0 -1 -1 -1;0 0 0 0 0;-1 -1 -1 0 1;-1 -1 -1 -1 0
1345,149,0 1 -1 -1 -1;-1 0 -1 -1 -1;0 0 0 0 0;0 0 0 0 0;-1 -1 -1 -1 0
1346,125,0 1 -1 -1 -1;-1 0 -1 -1 -1;0 0 0 0 0;0 0 0 0 0;0 0 0 0 0
1347,107,0 1 -1 -1 -1;-1 0 -1 -1 -1;0 0 0 0 0;0 0 0 0 1;-1 -1 -1 -1 0
1348,61,0 1 -1 -1 -1;-1 0 -1 -1 -1;0 0 0 1 0;-1 -1 -1 0 -1;-1 -1 -1 -1 0
1349,73,0 1 -1 -1 -1;-1 0 -1 -1 -1;0 0 0 1 0;-1 -1 -1 0 -1;0 0 0 0 0
1350,62,0 1 -1 -1 -1;-1 0 -1 -1 -1;0 0 0 1 0;-1 -1 -1 0 1;-1 -1 -1 -1 0
1351,171,0 1 -1 -1 -1;-1 0 -1 -1 -1;0 0 0 1 0;-1 -1 -1 0 1;0 0 0 0 0
1352,137,0 1 -1 -1 -1;-1 0 -1 -1 -1;0 0 0 1 0;0 0 0 0 0;-1 -1 -1 -1 0
1353,157,0 1 -1 -1 -1;-1 0 -1 -1 -1;0 0 0 1 0;0 0 0 0 1;-1 -1 -1 -1 0
1354,299,0 1 -1 -1 -1;-1 0 -1 -1 -1;0 0 0 1 0;0 0 0 0 3;-1 -1 -1 -1 0
1355,76,0 1 -1 -1 -1;-1 0 -1 -1 -1;0 0 0 3 0;-1 -1 -1 0 -1;-1 -1 -1 -1 0
1356,76,0 1 -1 -1 -1;-1 0 -1 -1 -1;0 0 0 3 0;-1 -1 -1 0 -1;0 0 0 0 0
1357,112,0 1 -1 -1 -1;-1 0 -1 -1 -1;0 0 0 3 0;-1 -1 -1 0 1;-1 -1 -1 -1 0
1358,118,0 1 -1 -1 -1;-1 0 -1 -1 -1;0 0 0 3 0;-1 -1 -1 0 1;0 0 0 0 0
1359,76,0 1 -1 -1 -1;-1 0 -1 -1 -1;0 0 0 3 0;0 0 0 0 0;-1 -1 -1 -1 0
1360,118,0 1 -1 -1 -1;-1 0 -1 -1 -1;0 0 0 3 0;0 0 0 0 1;-1 -1 -1 -1 0
1361,139,0 1 -1 -1 -1;-1 0 -1 -1 -1;0 0 0 3 0;0 0 0 0 3;-1 -1 -1 -1 0
1362,139,0 1 -1 -1 -1;-1 0 -1 -1 -1;0 0 0 3 0;0 0 0 0 3;0 0 0 0 0
1363,62,0 1 -1 -1 -1;-1 0 -1 -1 -1;1 1 0 1 1;-1 -1 -1 0 -1;-1 -1 -1 -1 0
1364,178,0 1 -1 -1 -1;-1 0 -1 -1 -1;1 1 0 1 1;-1 -1 -1 0 -1;1 1 1 1 0
1365,195,0 1 -1 -1 -1;-1 0 -1 -1 -1;1 1 0 1 1;-1 -1 -1 0 1;-1 -1 -1 -1 0
1366,153,0 1 -1 -1 -1;-1 0 -1 -1 -1;1 1 0 1 1;0 0 0 0 1;-1 -1 -1 -1 0
1367,194,0 1 -1 -1 -1;-1 0 -1 -1 -1;1 1 0 3 1;-1 -1 -1 0 -1;-1 -1 -1 -1 0
1368,204,0 1 -1 -1 -1;-1 0 -1 -1 -1;1 1 0 3 1;-1 -1 -1 0 1;0 0 0 0 0
1369,205,0 1 -1 -1 -1;-1 0 -1 -1 -1;1 1 0 3 1;-1 -1 -1 0 1;2 2 2 2 0
1370,194,0 1 -1 -1 -1;-1 0 -1 -1 -1;1 1 0 3 1;0 0 0 0 0;-1 -1 -1 -1 0
1371,154,0 1 -1 -1 -1;-1 0 -1 -1 -1;1 1 0 3 1;0 0 0 0 1;-1 -1 -1 -1 0
1372,156,0 1 -1 -1 -1;-1 0 -1 -1 -1;1 1 0 3 1;0 0 0 0 3;-1 -1 -1 -1 0
1373,157,0 1 -1 -1 -1;-1 0 -1 -1 -1;1 1 0 3 1;1 1 1 0 1;-1 -1 -1 -1 0
1374,131,0 1 -1 -1 -1;-1 0 1 -1 -1;-1 -1 0 -1 -1;-1 -1 -1 0 -1;-1 -1 -1 -1 0
1375,122,0 1 -1 -1 -1;-1 0 1 -1 -1;-1 -1 0 -1 -1;-1 -1 -1 0 -1;0 0 0 0 0
1376,44,0 1 -1 -1 -1;-1 0 1 -1 -1;-1 -1 0 -1 -1;-1 -1 -1 0 1;-1 -1 -1 -1 0
1377,34,0 1 -1 -1 -1;-1 0 1 -1 -1;-1 -1 0 -1 -1;-1 -1 -1 0 1;0 0 0 0 0
1378,161,0 1 -1 -1 -1;-1 0 1 -1 -1;-1 -1 0 -1 -1;0 0 0 0 0;0 0 0 0 0
1379,34,0 1 -1 -1 -1;-1 0 1 -1 -1;-1 -1 0 -1 -1;0 0 0 0 1;0 0 0 0 0
1380,133,0 1 -1 -1 -1;-1 0 1 -1 -1;-1 -1 0 -1 -1;0 0 0 0 3;-1 -1 -1 -1 0
1381,111,0 1 -1 -1 -1;-1 0 1 -1 -1;-1 -1 0 -1 -1;0 0 0 0 3;0 0 0 0 0
1382,206,0 1 -1 -1 -1;-1 0 1 -1 -1;-1 -1 0 -1 -1;1 1 1 0 1;1 1 1 1 0
1383,207,0 1 -1 -1 -1;-1 0 1 -1 -1;-1 -1 0 -1 -1;1 1 1 0 3;-1 -1 -1 -1 0
1384,208,0 1 -1 -1 -1;-1 0 1 -1 -1;-1 -1 0 -1 -1;1 1 1 0 3;1 1 1 1 0
1385,101,0 1 -1 -1 -1;-1 0 1 -1 -1;-1 -1 0 1 -1;-1 -1 -1 0 -1;0 0 0 0 0
1386,216,0 1 -1 -1 -1;-1 0 1 -1 -1;-1 -1 0 1 -1;-1 -1 -1 0 1;-1 -1 -1 -1 0
1387,216,0 1 -1 -1 -1;-1 0 1 -1 -1;-1 -1 0 1 -1;-1 -1 -1 0 1;0 0 0 0 0
1388,209,0 1 -1 -1 -1;-1 0 1 -1 -1;-1 -1 0 1 -1;-1 -1 -1 0 1;2 2 2 2 0
1389,151,0 1 -1 -1 -1;-1 0 1 -1 -1;-1 -1 0 1 -1;0 0 0 0 0;-1 -1 -1 -1 0
1390,35,0 1 -1 -1 -1;-1 0 1 -1 -1;-1 -1 0 1 -1;0 0 0 0 0;0 0 0 0 0
1391,110,0 1 -1 -1 -1;-1 0 1 -1 -1;-1 -1 0 1 -1;0 0 0 0 1;-1 -1 -1 -1 0
1392,146,0 1 -1 -1 -1;-1 0 1 -1 -1;-1 -1 0 1 -1;0 0 0 0 1;0 0 0 0 0
1393,210,0 1 -1 -1 -1;-1 0 1 -1 -1;-1 -1 0 1 -1;0 0 0 0 1;1 1 1 1 0
1394,195,0 1 -1 -1 -1;-1 0 1 -1 -1;-1 -1 0 1 -1;0 0 0 0 3;-1 -1 -1 -1 0
1395,117,0 1 -1 -1 -1;-1 0 1 -1 -1;-1 -1 0 1 -1;0 0 0 0 3;0 0 0 0 0
1396,211,0 1 -1 -1 -1;-1 0 1 -1 -1;-1 -1 0 1 -1;0 0 0 0 3;2 2 2 2 0
1397,261,0 1 -1 -1 -1;-1 0 1 -1 -1;-1 -1 0 1 -1;2 2 2 0 5;-1 -1 -1 -1 0
1398,261,0 1 -1 -1 -1;-1 0 1 -1 -1;-1 -1 0 1 -1;2 2 2 0 5;0 0 0 0 0
1399,277,0 1 -1 -1 -1;-1 0 1 -1 -1;-1 -1 0 1 -1;2 2 2 0 5;2 2 2 2 0
1400,189,0 1 -1 -1 -1;-1 0 1 -1 -1;0 0 0 0 0;-1 -1 -1 0 1;-1 -1 -1 -1 0
1401,97,0 1 -1 -1 -1;-1 0 1 -1 -1;0 0 0 1 0;-1 -1 -1 0 -1;-1 -1 -1 -1 0
1402,57,0 1 -1 -1 -1;-1 0 1 -1 -1;0 0 0 1 0;-1 -1 -1 0 -1;0 0 0 0 0
1403,82,0 1 -1 -1 -1;-1 0 1 -1 -1;0 0 0 1 0;-1 -1 -1 0 1;-1 -1 -1 -1 0
1404,85,0 1 -1 -1 -1;-1 0 1 -1 -1;0 0 0 1 0;-1 -1 -1 0 1;0 0 0 0 0
1405,143,0 1 -1 -1 -1;-1 0 1 -1 -1;0 0 0 1 0;0 0 0 0 1;-1 -1 -1 -1 0
1406,58,0 1 -1 -1 -1;-1 0 1 -1 -1;0 0 0 1 0;0 0 0 0 1;0 0 0 0 0
1407,172,0 1 -1 -1 -1;-1 0 1 -1 -1;0 0 0 1 0;0 0 0 0 3;-1 -1 -1 -1 0
1408,87,0 1 -1 -1 -1;-1 0 1 -1 -1;0 0 0 3 0;-1 -1 -1 0 -1;-1 -1 -1 -1 0
1409,87,0 1 -1 -1 -1;-1 0 1 -1 -1;0 0 0 3 0;-1 -1 -1 0 -1;0 0 0 0 0
1410,179,0 1 -1 -1 -1;-1 0 1 -1 -1;0 0 0 3 0;-1 -1 -1 0 -1;1 1 1 1 0
1411,91,0 1 -1 -1 -1;-1 0 1 -1 -1;0 0 0 3 0;-1 -1 -1 0 1;-1 -1 -1 -1 0
1412,129,0 1 -1 -1 -1;-1 0 1 -1 -1;0 0 0 3 0;-1 -1 -1 0 1;0 0 0 0 0
1413,180,0 1 -1 -1 -1;-1 0 1 -1 -1;0 0 0 3 0;-1 -1 -1 0 1;2 2 2 2 0
1414,29,0 1 -1 -1 -1;-1 0 1 -1 -1;0 0 0 3 0;0 0 0 0 1;-1 -1 -1 -1 0
1415,33,0 1 -1 -1 -1;-1 0 1 -1 -1;0 0 0 3 0;0 0 0 0 3;-1 -1 -1 -1 0
1416,108,0 1 -1 -1 -1;-1 0 1 -1 -1;0 0 0 3 0;0 0 0 0 3;0 0 0 0 0
1417,262,0 1 -1 -1 -1;-1 0 1 -1 -1;0 0 0 3 0;2 2 2 0 5;-1 -1 -1 -1 0
1418,68,0 1 -1 -1 -1;-1 0 1 -1 -1;1 1 0 1 1;-1 -1 -1 0 -1;-1 -1 -1 -1 0
1419,158,0 1 -1 -1 -1;-1 0 1 -1 -1;1 1 0 1 1;1 1 1 0 1;-1 -1 -1 -1 0
1420,159,0 1 -1 -1 -1;-1 0 1 -1 -1;1 1 0 3 1;0 0 0 0 1;-1 -1 -1 -1 0
1421,263,0 1 -1 -1 -1;-1 0 1 -1 -1;2 2 0 5 2;-1 -1 -1 0 1;-1 -1 -1 -1 0
1422,263,0 1 -1 -1 -1;-1 0 1 -1 -1;2 2 0 5 2;-1 -1 -1 0 1;0 0 0 0 0
1423,278,0 1 -1 -1 -1;-1 0 1 -1 -1;2 2 0 5 2;-1 -1 -1 0 1;2 2 2 2 0
1424,192,0 1 -1 -1 -1;-1 0 1 -1 -1;2 2 0 5 2;0 0 0 0 3;-1 -1 -1 -1 0
1425,279,0 1 -1 -1 -1;-1 0 1 -1 -1;2 2 0 5 2;2 2 2 0 5;-1 -1 -1 -1 0
1426,148,0 1 -1 -1 -1;0 0 0 0 0;-1 -1 0 -1 -1;-1 -1 -1 0 -1;-1 -1 -1 -1 0
1427,147,0 1 -1 -1 -1;0 0 0 0 0;-1 -1 0 -1 -1;-1 -1 -1 0 -1;0 0 0 0 0
1428,28,0 1 -1 -1 -1;0 0 0 0 0;-1 -1 0 -1 -1;-1 -1 -1 0 -1;2 2 2 2 0
1429,144,0 1 -1 -1 -1;0 0 0 0 0;-1 -1 0 -1 -1;-1 -1 -1 0 1;-1 -1 -1 -1 0
1430,155,0 1 -1 -1 -1;0 0 0 0 0;-1 -1 0 -1 -1;-1 -1 -1 0 1;0 0 0 0 0
1431,70,0 1 -1 -1 -1;0 0 0 0 0;-1 -1 0 -1 -1;0 0 0 0 1;-1 -1 -1 -1 0
1432,59,0 1 -1 -1 -1;0 0 0 0 0;-1 -1 0 1 -1;-1 -1 -1 0 -1;-1 -1 -1 -1 0
1433,41,0 1 -1 -1 -1;0 0 0 0 0;-1 -1 0 1 -1;-1 -1 -1 0 -1;0 0 0 0 0
1434,188,0 1 -1 -1 -1;0 0 0 0 0;-1 -1 0 1 -1;-1 -1 -1 0 -1;1 1 1 1 0
1435,70,0 1 -1 -1 -1;0 0 0 0 0;-1 -1 0 1 -1;-1 -1 -1 0 -1;2 2 2 2 0
1436,87,0 1 -1 -1 -1;0 0 0 0 0;-1 -1 0 1 -1;-1 -1 -1 0 1;-1 -1 -1 -1 0
1437,136,0 1 -1 -1 -1;0 0 0 0 0;-1 -1 0 1 -1;0 0 0 0 0;-1 -1 -1 -1 0
1438,136,0 1 -1 -1 -1;0 0 0 0 0;-1 -1 0 1 -1;0 0 0 0 0;0 0 0 0 0
1439,299,0 1 -1 -1 -1;0 0 0 0 0;-1 -1 0 1 -1;0 0 0 0 3;-1 -1 -1 -1 0
1440,151,0 1 -1 -1 -1;0 0 0 0 0;0 0 0 1 0;-1 -1 -1 0 1;0 0 0 0 0
1441,76,0 1 -1 -1 -1;0 0 0 0 0;0 0 0 3 0;-1 -1 -1 0 -1;-1 -1 -1 -1 0
1442,80,0 1 -1 -1 -1;0 0 0 0 0;1 1 0 1 1;-1 -1 -1 0 -1;-1 -1 -1 -1 0
1443,195,0 1 -1 -1 -1;0 0 0 0 0;1 1 0 1 1;-1 -1 -1 0 1;-1 -1 -1 -1 0
1444,194,0 1 -1 -1 -1;0 0 0 0 0;1 1 0 3 1;-1 -1 -1 0 -1;-1 -1 -1 -1 0
1445,555,0 1 -1 -1 -1;0 0 0 0 0;2 2 0 3 2;-1 -1 -1 0 -1;-1 -1 -1 -1 0
1446,137,0 1 -1 -1 -1;0 0 1 0 0;-1 -1 0 -1 -1;-1 -1 -1 0 -1;-1 -1 -1 -1 0
1447,158,0 1 -1 -1 -1;0 0 1 0 0;-1 -1 0 -1 -1;-1 -1 -1 0 -1;2 2 2 2 0
1448,160,0 1 -1 -1 -1;0 0 1 0 0;-1 -1 0 -1 -1;-1 -1 -1 0 1;0 0 0 0 0
1449,62,0 1 -1 -1 -1;0 0 1 0 0;-1 -1 0 -1 -1;1 1 1 0 1;-1 -1 -1 -1 0
1450,30,0 1 -1 -1 -1;0 0 1 0 0;-1 -1 0 1 -1;-1 -1 -1 0 -1;-1 -1 -1 -1 0
1451,162,0 1 -1 -1 -1;0 0 1 0 0;-1 -1 0 1 -1;-1 -1 -1 0 -1;0 0 0 0 0
1452,105,0 1 -1 -1 -1;0 0 1 0 0;-1 -1 0 1 -1;-1 -1 -1 0 -1;2 2 2 2 0
1453,131,0 1 -1 -1 -1;0 0 1 0 0;-1 -1 0 1 -1;-1 -1 -1 0 1;-1 -1 -1 -1 0
1454,131,0 1 -1 -1 -1;0 0 1 0 0;-1 -1 0 1 -1;-1 -1 -1 0 1;0 0 0 0 0
1455,162,0 1 -1 -1 -1;0 0 1 0 0;-1 -1 0 1 -1;-1 -1 -1 0 1;2 2 2 2 0
1456,88,0 1 -1 -1 -1;0 0 1 0 0;-1 -1 0 1 -1;0 0 0 0 0;0 0 0 0 0
1457,195,0 1 -1 -1 -1;0 0 1 0 0;-1 -1 0 1 -1;0 0 0 0 3;-1 -1 -1 -1 0
1458,83,0 1 -1 -1 -1;0 0 1 0 0;0 0 0 0 0;-1 -1 -1 0 -1;-1 -1 -1 -1 0
1459,90,0 1 -1 -1 -1;0 0 1 0 0;0 0 0 0 0;-1 -1 -1 0 1;-1 -1 -1 -1 0
1460,181,0 1 -1 -1 -1;0 0 1 0 0;0 0 0 1 0;-1 -1 -1 0 -1;-1 -1 -1 -1 0
1461,148,0 1 -1 -1 -1;0 0 1 0 0;0 0 0 1 0;0 0 0 0 3;-1 -1 -1 -1 0
1462,148,0 1 -1 -1 -1;0 0 1 0 0;0 0 0 1 0;0 0 0 0 3;0 0 0 0 0
1463,68,0 1 -1 -1 -1;0 0 1 0 0;0 0 0 3 0;-1 -1 -1 0 -1;-1 -1 -1 -1 0
1464,157,0 1 -1 -1 -1;0 0 1 0 0;0 0 0 3 0;-1 -1 -1 0 -1;0 0 0 0 0
1465,182,0 1 -1 -1 -1;0 0 1 0 0;0 0 0 3 0;-1 -1 -1 0 -1;2 2 2 2 0
1466,174,0 1 -1 -1 -1;0 0 1 0 0;0 0 0 3 0;-1 -1 -1 0 1;-1 -1 -1 -1 0
1467,91,0 1 -1 -1 -1;0 0 1 0 0;0 0 0 3 0;-1 -1 -1 0 1;0 0 0 0 0
1468,96,0 1 -1 -1 -1;0 0 1 0 0;0 0 0 3 0;0 0 0 0 3;-1 -1 -1 -1 0
1469,262,0 1 -1 -1 -1;0 0 1 0 0;0 0 0 3 0;2 2 2 0 5;-1 -1 -1 -1 0
1470,92,0 1 -1 -1 -1;0 0 1 0 0;1 1 0 1 1;-1 -1 -1 0 -1;-1 -1 -1 -1 0
1471,183,0 1 -1 -1 -1;0 0 1 0 0;1 1 0 1 1;-1 -1 -1 0 1;-1 -1 -1 -1 0
1472,160,0 1 -1 -1 -1;0 0 1 0 0;1 1 0 3 1;-1 -1 -1 0 -1;-1 -1 -1 -1 0
1473,556,0 1 -1 -1 -1;0 0 1 0 0;2 2 0 3 2;-1 -1 -1 0 -1;-1 -1 -1 -1 0
1474,213,0 1 -1 -1 -1;0 0 1 0 0;2 2 0 5 2;-1 -1 -1 0 -1;0 0 0 0 0
1475,200,0 1 -1 -1 -1;0 0 1 0 0;2 2 0 5 2;-1 -1 -1 0 1;-1 -1 -1 -1 0
1476,192,0 1 -1 -1 -1;0 0 1 0 0;2 2 0 5 2;0 0 0 0 3;-1 -1 -1 -1 0
1477,49,0 1 -1 -1 -1;0 0 3 0 0;-1 -1 0 -1 -1;-1 -1 -1 0 -1;-1 -1 -1 -1 0
1478,108,0 1 -1 -1 -1;0 0 3 0 0;-1 -1 0 -1 -1;-1 -1 -1 0 -1;0 0 0 0 0
1479,163,0 1 -1 -1 -1;0 0 3 0 0;-1 -1 0 -1 -1;-1 -1 -1 0 -1;1 1 1 1 0
1480,91,0 1 -1 -1 -1;0 0 3 0 0;-1 -1 0 -1 -1;-1 -1 -1 0 1;-1 -1 -1 -1 0
1481,204,0 1 -1 -1 -1;0 0 3 0 0;-1 -1 0 -1 -1;-1 -1 -1 0 1;0 0 0 0 0
1482,94,0 1 -1 -1 -1;0 0 3 0 0;-1 -1 0 -1 -1;0 0 0 0 0;-1 -1 -1 -1 0
1483,96,0 1 -1 -1 -1;0 0 3 0 0;-1 -1 0 -1 -1;0 0 0 0 1;-1 -1 -1 -1 0
1484,102,0 1 -1 -1 -1;0 0 3 0 0;-1 -1 0 -1 -1;0 0 0 0 1;0 0 0 0 0
1485,135,0 1 -1 -1 -1;0 0 3 0 0;-1 -1 0 -1 -1;0 0 0 0 1;2 2 2 2 0
1486,145,0 1 -1 -1 -1;0 0 3 0 0;-1 -1 0 -1 -1;0 0 0 0 3;-1 -1 -1 -1 0
1487,190,0 1 -1 -1 -1;0 0 3 0 0;-1 -1 0 -1 -1;0 0 0 0 3;0 0 0 0 0
1488,102,0 1 -1 -1 -1;0 0 3 0 0;-1 -1 0 -1 -1;1 1 1 0 1;-1 -1 -1 -1 0
1489,137,0 1 -1 -1 -1;0 0 3 0 0;-1 -1 0 -1 -1;2 2 2 0 5;-1 -1 -1 -1 0
1490,84,0 1 -1 -1 -1;0 0 3 0 0;-1 -1 0 1 -1;-1 -1 -1 0 -1;-1 -1 -1 -1 0
1491,76,0 1 -1 -1 -1;0 0 3 0 0;-1 -1 0 1 -1;-1 -1 -1 0 -1;0 0 0 0 0
1492,163,0 1 -1 -1 -1;0 0 3 0 0;-1 -1 0 1 -1;-1 -1 -1 0 -1;1 1 1 1 0
1493,116,0 1 -1 -1 -1;0 0 3 0 0;-1 -1 0 1 -1;-1 -1 -1 0 1;-1 -1 -1 -1 0
1494,96,0 1 -1 -1 -1;0 0 3 0 0;-1 -1 0 1 -1;-1 -1 -1 0 1;0 0 0 0 0
1495,164,0 1 -1 -1 -1;0 0 3 0 0;-1 -1 0 1 -1;-1 -1 -1 0 1;2 2 2 2 0
1496,161,0 1 -1 -1 -1;0 0 3 0 0;-1 -1 0 1 -1;0 0 0 0 0;-1 -1 -1 -1 0
1497,101,0 1 -1 -1 -1;0 0 3 0 0;-1 -1 0 1 -1;0 0 0 0 1;-1 -1 -1 -1 0
1498,162,0 1 -1 -1 -1;0 0 3 0 0;-1 -1 0 1 -1;0 0 0 0 1;0 0 0 0 0
1499,143,0 1 -1 -1 -1;0 0 3 0 0;-1 -1 0 1 -1;0 0 0 0 3;-1 -1 -1 -1 0
1500,69,0 1 -1 -1 -1;0 0 3 0 0;-1 -1 0 1 -1;0 0 0 0 3;0 0 0 0 0
1501,374,0 1 -1 -1 -1;0 0 3 0 0;-1 -1 0 1 -1;2 2 2 0 5;-1 -1 -1 -1 0
1502,442,0 1 -1 -1 -1;0 0 3 0 0;0 0 0 1 0;-1 -1 -1 0 -1;-1 -1 -1 -1 0
1503,96,0 1 -1 -1 -1;0 0 3 0 0;0 0 0 1 0;-1 -1 -1 0 1;-1 -1 -1 -1 0
1504,142,0 1 -1 -1 -1;0 0 3 0 0;0 0 0 3 0;-1 -1 -1 0 -1;-1 -1 -1 -1 0
1505,128,0 1 -1 -1 -1;0 0 3 0 0;0 0 0 3 0;-1 -1 -1 0 -1;0 0 0 0 0
1506,83,0 1 -1 -1 -1;0 0 3 0 0;0 0 0 3 0;-1 -1 -1 0 1;-1 -1 -1 -1 0
1507,79,0 1 -1 -1 -1;0 0 3 0 0;0 0 0 3 0;-1 -1 -1 0 1;0 0 0 0 0
1508,125,0 1 -1 -1 -1;0 0 3 0 0;0 0 0 3 0;0 0 0 0 3;-1 -1 -1 -1 0
1509,121,0 1 -1 -1 -1;0 0 3 0 0;2 2 0 5 2;-1 -1 -1 0 -1;-1 -1 -1 -1 0
1510,191,0 1 -1 -1 -1;0 0 3 0 0;2 2 0 5 2;-1 -1 -1 0 -1;0 0 0 0 0
1511,237,0 1 -1 -1 -1;0 0 3 0 0;2 2 0 5 2;-1 -1 -1 0 1;-1 -1 -1 -1 0
1512,164,0 1 -1 -1 -1;1 0 1 1 1;-1 -1 0 -1 -1;-1 -1 -1 0 -1;-1 -1 -1 -1 0
1513,32,0 1 -1 -1 -1;1 0 1 1 1;-1 -1 0 -1 -1;-1 -1 -1 0 1;-1 -1 -1 -1 0
1514,240,0 1 -1 -1 -1;1 0 1 1 1;-1 -1 0 -1 -1;-1 -1 -1 0 1;0 0 0 0 0
1515,103,0 1 -1 -1 -1;1 0 1 1 1;-1 -1 0 -1 -1;0 0 0 0 1;-1 -1 -1 -1 0
1516,165,0 1 -1 -1 -1;1 0 1 1 1;-1 -1 0 1 -1;-1 -1 -1 0 -1;-1 -1 -1 -1 0
1517,166,0 1 -1 -1 -1;1 0 1 1 1;-1 -1 0 1 -1;-1 -1 -1 0 1;-1 -1 -1 -1 0
1518,173,0 1 -1 -1 -1;1 0 3 1 1;-1 -1 0 -1 -1;-1 -1 -1 0 -1;0 0 0 0 0
1519,166,0 1 -1 -1 -1;1 0 3 1 1;-1 -1 0 -1 -1;-1 -1 -1 0 -1;2 2 2 2 0
1520,138,0 1 -1 -1 -1;1 0 3 1 1;-1 -1 0 -1 -1;0 0 0 0 3;0 0 0 0 0
1521,557,0 1 -1 -1 -1;1 0 3 1 1;-1 -1 0 -1 -1;2 2 2 0 3;-1 -1 -1 -1 0
1522,167,0 1 -1 -1 -1;1 0 3 1 1;-1 -1 0 1 -1;-1 -1 -1 0 -1;-1 -1 -1 -1 0
1523,93,0 1 -1 -1 -1;1 0 3 1 1;0 0 0 1 0;-1 -1 -1 0 -1;-1 -1 -1 -1 0
1524,558,0 1 -1 -1 -1;1 0 3 1 1;0 0 0 3 0;0 0 0 0 1;-1 -1 -1 -1 0
1525,243,0 1 -1 -1 -1;2 0 5 2 2;-1 -1 0 -1 -1;-1 -1 -1 0 -1;-1 -1 -1 -1 0
1526,264,0 1 -1 -1 -1;2 0 5 2 2;-1 -1 0 -1 -1;-1 -1 -1 0 1;-1 -1 -1 -1 0
1527,264,0 1 -1 -1 -1;2 0 5 2 2;-1 -1 0 -1 -1;0 0 0 0 1;0 0 0 0 0
1528,345,0 1 -1 -1 -1;2 0 5 2 2;-1 -1 0 -1 -1;0 0 0 0 3;-1 -1 -1 -1 0
1529,559,0 1 -1 -1 -1;2 0 5 2 2;-1 -1 0 -1 -1;2 2 2 0 5;-1 -1 -1 -1 0
1530,244,0 1 -1 -1 -1;2 0 5 2 2;-1 -1 0 1 -1;-1 -1 -1 0 -1;-1 -1 -1 -1 0
1531,88,0 1 -1 -1 -1;2 0 5 2 2;-1 -1 0 1 -1;-1 -1 -1 0 1;-1 -1 -1 -1 0
1532,88,0 1 -1 -1 -1;2 0 5 2 2;-1 -1 0 1 -1;-1 -1 -1 0 1;0 0 0 0 0
1533,280,0 1 -1 -1 -1;2 0 5 2 2;-1 -1 0 1 -1;-1 -1 -1 0 1;2 2 2 2 0
1534,163,0 1 -1 -1 -1;2 0 5 2 2;-1 -1 0 1 -1;0 0 0 0 3;-1 -1 -1 -1 0
1535,281,0 1 -1 -1 -1;2 0 5 2 2;-1 -1 0 1 -1;2 2 2 0 5;-1 -1 -1 -1 0
1536,141,0 1 -1 -1 -1;2 0 5 2 2;0 0 0 0 0;-1 -1 -1 0 -1;-1 -1 -1 -1 0
1537,97,0 1 -1 -1 -1;2 0 5 2 2;0 0 0 1 0;-1 -1 -1 0 -1;-1 -1 -1 -1 0
1538,135,0 1 -1 -1 -1;2 0 5 2 2;0 0 0 1 0;-1 -1 -1 0 1;-1 -1 -1 -1 0
1539,99,0 1 -1 -1 -1;2 0 5 2 2;0 0 0 3 0;-1 -1 -1 0 -1;-1 -1 -1 -1 0
1540,184,0 1 -1 -1 -1;2 0 5 2 2;0 0 0 3 0;-1 -1 -1 0 -1;0 0 0 0 0
1541,186,0 1 -1 -1 -1;2 0 5 2 2;0 0 0 3 0;-1 -1 -1 0 1;-1 -1 -1 -1 0
1542,282,0 1 -1 -1 -1;2 0 5 2 2;2 2 0 5 2;-1 -1 -1 0 1;-1 -1 -1 -1 0
1543,227,0 1 0 0 0;-1 0 -1 -1 -1;-1 -1 0 -1 -1;-1 -1 -1 0 -1;-1 -1 -1 -1 0
1544,227,0 1 0 0 0;-1 0 -1 -1 -1;-1 -1 0 -1 -1;-1 -1 -1 0 -1;0 0 0 0 0
1545,560,0 1 0 0 0;-1 0 -1 -1 -1;-1 -1 0 -1 -1;-1 -1 -1 0 -1;2 2 2 2 0
1546,265,0 1 0 0 0;-1 0 -1 -1 -1;-1 -1 0 -1 -1;-1 -1 -1 0 1;-1 -1 -1 -1 0
1547,265,0 1 0 0 0;-1 0 -1 -1 -1;-1 -1 0 -1 -1;-1 -1 -1 0 1;0 0 0 0 0
1548,164,0 1 0 0 0;-1 0 -1 -1 -1;-1 -1 0 -1 -1;-1 -1 -1 0 1;2 2 2 2 0
1549,66,0 1 0 0 0;-1 0 -1 -1 -1;-1 -1 0 -1 -1;0 0 0 0 0;-1 -1 -1 -1 0
1550,66,0 1 0 0 0;-1 0 -1 -1 -1;-1 -1 0 -1 -1;0 0 0 0 0;0 0 0 0 0
1551,271,0 1 0 0 0;-1 0 -1 -1 -1;-1 -1 0 -1 -1;0 0 0 0 1;-1 -1 -1 -1 0
1552,95,0 1 0 0 0;-1 0 -1 -1 -1;-1 -1 0 -1 -1;0 0 0 0 1;0 0 0 0 0
1553,178,0 1 0 0 0;-1 0 -1 -1 -1;-1 -1 0 -1 -1;0 0 0 0 3;-1 -1 -1 -1 0
1554,178,0 1 0 0 0;-1 0 -1 -1 -1;-1 -1 0 -1 -1;0 0 0 0 3;0 0 0 0 0
1555,171,0 1 0 0 0;-1 0 -1 -1 -1;-1 -1 0 -1 -1;0 0 0 0 3;2 2 2 2 0
1556,336,0 1 0 0 0;-1 0 -1 -1 -1;-1 -1 0 -1 -1;2 2 2 0 5;-1 -1 -1 -1 0
1557,198,0 1 0 0 0;-1 0 -1 -1 -1;-1 -1 0 -1 -1;2 2 2 0 5;0 0 0 0 0
1558,73,0 1 0 0 0;-1 0 -1 -1 -1;-1 -1 0 1 -1;-1 -1 -1 0 -1;-1 -1 -1 -1 0
1559,73,0 1 0 0 0;-1 0 -1 -1 -1;-1 -1 0 1 -1;-1 -1 -1 0 -1;0 0 0 0 0
1560,172,0 1 0 0 0;-1 0 -1 -1 -1;-1 -1 0 1 -1;-1 -1 -1 0 1;0 0 0 0 0
1561,82,0 1 0 0 0;-1 0 -1 -1 -1;-1 -1 0 1 -1;0 0 0 0 1;0 0 0 0 0
1562,173,0 1 0 0 0;-1 0 -1 -1 -1;-1 -1 0 1 -1;0 0 0 0 3;-1 -1 -1 -1 0
1563,174,0 1 0 0 0;-1 0 -1 -1 -1;-1 -1 0 1 -1;0 0 0 0 3;0 0 0 0 0
1564,168,0 1 0 0 0;-1 0 -1 -1 -1;0 0 0 0 0;-1 -1 -1 0 1;-1 -1 -1 -1 0
1565,181,0 1 0 0 0;-1 0 -1 -1 -1;0 0 0 0 0;0 0 0 0 0;0 0 0 0 0
1566,271,0 1 0 0 0;-1 0 -1 -1 -1;0 0 0 0 0;0 0 0 0 1;-1 -1 -1 -1 0
1567,107,0 1 0 0 0;-1 0 -1 -1 -1;0 0 0 0 0;0 0 0 0 1;0 0 0 0 0
1568,73,0 1 0 0 0;-1 0 -1 -1 -1;0 0 0 1 0;-1 -1 -1 0 -1;-1 -1 -1 -1 0
1569,122,0 1 0 0 0;-1 0 -1 -1 -1;0 0 0 1 0;-1 -1 -1 0 -1;0 0 0 0 0
1570,145,0 1 0 0 0;-1 0 -1 -1 -1;0 0 0 1 0;-1 -1 -1 0 1;-1 -1 -1 -1 0
1571,150,0 1 0 0 0;-1 0 -1 -1 -1;0 0 0 1 0;-1 -1 -1 0 1;0 0 0 0 0
1572,73,0 1 0 0 0;-1 0 -1 -1 -1;0 0 0 1 0;0 0 0 0 0;-1 -1 -1 -1 0
1573,89,0 1 0 0 0;-1 0 -1 -1 -1;0 0 0 1 0;0 0 0 0 0;0 0 0 0 0
1574,145,0 1 0 0 0;-1 0 -1 -1 -1;0 0 0 1 0;0 0 0 0 1;-1 -1 -1 -1 0
1575,150,0 1 0 0 0;-1 0 -1 -1 -1;0 0 0 1 0;0 0 0 0 1;0 0 0 0 0
1576,181,0 1 0 0 0;-1 0 -1 -1 -1;0 0 0 3 0;-1 -1 -1 0 -1;0 0 0 0 0
1577,167,0 1 0 0 0;-1 0 -1 -1 -1;0 0 0 3 0;-1 -1 -1 0 1;-1 -1 -1 -1 0
1578,129,0 1 0 0 0;-1 0 -1 -1 -1;0 0 0 3 0;-1 -1 -1 0 1;0 0 0 0 0
1579,76,0 1 0 0 0;-1 0 -1 -1 -1;0 0 0 3 0;0 0 0 0 0;-1 -1 -1 -1 0
1580,76,0 1 0 0 0;-1 0 -1 -1 -1;0 0 0 3 0;0 0 0 0 0;0 0 0 0 0
1581,129,0 1 0 0 0;-1 0 -1 -1 -1;0 0 0 3 0;0 0 0 0 1;-1 -1 -1 -1 0
1582,561,0 1 0 0 0;-1 0 -1 -1 -1;0 0 0 3 0;0 0 0 0 1;0 0 0 0 0
1583,139,0 1 0 0 0;-1 0 -1 -1 -1;0 0 0 3 0;0 0 0 0 3;-1 -1 -1 -1 0
1584,562,0 1 0 0 0;-1 0 -1 -1 -1;0 0 0 3 0;0 0 0 0 3;0 0 0 0 0
1585,182,0 1 0 0 0;-1 0 1 -1 -1;-1 -1 0 -1 -1;-1 -1 -1 0 -1;0 0 0 0 0
1586,139,0 1 0 0 0;-1 0 1 -1 -1;-1 -1 0 -1 -1;0 0 0 0 1;-1 -1 -1 -1 0
1587,183,0 1 0 0 0;-1 0 1 -1 -1;-1 -1 0 1 -1;-1 -1 -1 0 -1;0 0 0 0 0
1588,106,0 1 0 0 0;-1 0 1 -1 -1;-1 -1 0 1 -1;0 0 0 0 0;0 0 0 0 0
1589,40,0 1 0 0 0;-1 0 1 -1 -1;-1 -1 0 1 -1;0 0 0 0 1;0 0 0 0 0
1590,75,0 1 0 0 0;-1 0 1 -1 -1;0 0 0 0 0;-1 -1 -1 0 -1;-1 -1 -1 -1 0
1591,87,0 1 0 0 0;-1 0 1 -1 -1;0 0 0 3 0;-1 -1 -1 0 -1;-1 -1 -1 -1 0
1592,87,0 1 0 0 0;-1 0 1 -1 -1;0 0 0 3 0;-1 -1 -1 0 -1;0 0 0 0 0
1593,129,0 1 0 0 0;-1 0 1 -1 -1;0 0 0 3 0;-1 -1 -1 0 1;0 0 0 0 0
1594,66,0 1 0 0 0;0 0 0 0 0;-1 -1 0 -1 -1;-1 -1 -1 0 -1;-1 -1 -1 -1 0
1595,192,0 1 0 0 0;0 0 0 0 0;-1 -1 0 -1 -1;-1 -1 -1 0 1;-1 -1 -1 -1 0
1596,202,0 1 0 0 0;0 0 0 0 0;-1 -1 0 -1 -1;0 0 0 0 1;0 0 0 0 0
1597,169,0 1 0 0 0;0 0 0 0 0;-1 -1 0 -1 -1;0 0 0 0 3;-1 -1 -1 -1 0
1598,59,0 1 0 0 0;0 0 0 0 0;-1 -1 0 1 -1;-1 -1 -1 0 -1;-1 -1 -1 -1 0
1599,175,0 1 0 0 0;0 0 0 0 0;0 0 0 0 0;-1 -1 -1 0 1;-1 -1 -1 -1 0
1600,70,0 1 0 0 0;0 0 0 0 0;0 0 0 0 0;0 0 0 0 1;-1 -1 -1 -1 0
1601,73,0 1 0 0 0;0 0 0 0 0;0 0 0 1 0;-1 -1 -1 0 -1;-1 -1 -1 -1 0
1602,45,0 1 0 0 0;0 0 0 0 0;0 0 0 1 0;-1 -1 -1 0 -1;0 0 0 0 0
1603,151,0 1 0 0 0;0 0 0 0 0;0 0 0 1 0;-1 -1 -1 0 1;-1 -1 -1 -1 0
1604,151,0 1 0 0 0;0 0 0 0 0;0 0 0 1 0;-1 -1 -1 0 1;0 0 0 0 0
1605,73,0 1 0 0 0;0 0 0 0 0;0 0 0 1 0;0 0 0 0 0;-1 -1 -1 -1 0
1606,145,0 1 0 0 0;0 0 0 0 0;0 0 0 1 0;0 0 0 0 1;-1 -1 -1 -1 0
1607,181,0 1 0 0 0;0 0 0 0 0;0 0 0 3 0;-1 -1 -1 0 -1;0 0 0 0 0
1608,137,0 1 0 0 0;0 0 1 0 0;-1 -1 0 -1 -1;-1 -1 -1 0 -1;-1 -1 -1 -1 0
1609,184,0 1 0 0 0;0 0 1 0 0;-1 -1 0 -1 -1;-1 -1 -1 0 -1;0 0 0 0 0
1610,139,0 1 0 0 0;0 0 1 0 0;-1 -1 0 -1 -1;-1 -1 -1 0 1;-1 -1 -1 -1 0
1611,168,0 1 0 0 0;0 0 1 0 0;-1 -1 0 -1 -1;0 0 0 0 1;-1 -1 -1 -1 0
1612,30,0 1 0 0 0;0 0 1 0 0;-1 -1 0 1 -1;-1 -1 -1 0 -1;-1 -1 -1 -1 0
1613,206,0 1 0 0 0;0 0 1 0 0;-1 -1 0 1 -1;-1 -1 -1 0 1;-1 -1 -1 -1 0
1614,131,0 1 0 0 0;0 0 1 0 0;0 0 0 0 0;-1 -1 -1 0 -1;0 0 0 0 0
1615,201,0 1 0 0 0;0 0 1 0 0;0 0 0 0 0;0 0 0 0 1;-1 -1 -1 -1 0
1616,195,0 1 0 0 0;0 0 1 0 0;0 0 0 1 0;0 0 0 0 3;-1 -1 -1 -1 0
1617,169,0 1 0 0 0;0 0 1 0 0;0 0 0 3 0;-1 -1 -1 0 -1;-1 -1 -1 -1 0
1618,87,0 1 0 0 0;0 0 1 0 0;0 0 0 3 0;-1 -1 -1 0 -1;0 0 0 0 0
1619,49,0 1 0 0 0;0 0 3 0 0;-1 -1 0 -1 -1;-1 -1 -1 0 -1;-1 -1 -1 -1 0
1620,49,0 1 0 0 0;0 0 3 0 0;-1 -1 0 -1 -1;-1 -1 -1 0 -1;0 0 0 0 0
1621,91,0 1 0 0 0;0 0 3 0 0;-1 -1 0 -1 -1;-1 -1 -1 0 1;-1 -1 -1 -1 0
1622,91,0 1 0 0 0;0 0 3 0 0;-1 -1 0 -1 -1;-1 -1 -1 0 1;0 0 0 0 0
1623,175,0 1 0 0 0;0 0 3 0 0;-1 -1 0 -1 -1;0 0 0 0 1;-1 -1 -1 -1 0
1624,187,0 1 0 0 0;0 0 3 0 0;-1 -1 0 -1 -1;0 0 0 0 1;0 0 0 0 0
1625,208,0 1 0 0 0;0 0 3 0 0;-1 -1 0 -1 -1;0 0 0 0 1;2 2 2 2 0
1626,145,0 1 0 0 0;0 0 3 0 0;-1 -1 0 -1 -1;0 0 0 0 3;-1 -1 -1 -1 0
1627,209,0 1 0 0 0;0 0 3 0 0;-1 -1 0 -1 -1;2 2 2 0 5;-1 -1 -1 -1 0
1628,104,0 1 0 0 0;0 0 3 0 0;-1 -1 0 1 -1;-1 -1 -1 0 1;0 0 0 0 0
1629,187,0 1 0 0 0;0 0 3 0 0;-1 -1 0 1 -1;0 0 0 0 0;-1 -1 -1 -1 0
1630,152,0 1 0 0 0;0 0 3 0 0;-1 -1 0 1 -1;0 0 0 0 1;-1 -1 -1 -1 0
1631,442,0 1 0 0 0;0 0 3 0 0;0 0 0 1 0;-1 -1 -1 0 -1;0 0 0 0 0
1632,563,0 1 0 0 0;0 0 3 0 0;0 0 0 3 0;0 0 0 0 1;-1 -1 -1 -1 0
1633,152,0 1 0 0 0;1 0 3 1 1;-1 -1 0 -1 -1;0 0 0 0 3;-1 -1 -1 -1 0
1634,7,0 1 1 1 1;-1 0 -1 -1 -1;-1 -1 0 -1 -1;-1 -1 -1 0 -1;-1 -1 -1 -1 0
1635,46,0 1 1 1 1;-1 0 -1 -1 -1;-1 -1 0 -1 -1;-1 -1 -1 0 -1;0 0 0 0 0
1636,77,0 1 1 1 1;-1 0 -1 -1 -1;-1 -1 0 -1 -1;-1 -1 -1 0 -1;1 1 1 1 0
1637,228,0 1 1 1 1;-1 0 -1 -1 -1;-1 -1 0 -1 -1;-1 -1 -1 0 -1;2 2 2 2 0
1638,346,0 1 1 1 1;-1 0 -1 -1 -1;-1 -1 0 -1 -1;-1 -1 -1 0 -1;3 3 3 3 0
1639,176,0 1 1 1 1;-1 0 -1 -1 -1;-1 -1 0 -1 -1;-1 -1 -1 0 1;-1 -1 -1 -1 0
1640,46,0 1 1 1 1;-1 0 -1 -1 -1;-1 -1 0 -1 -1;0 0 0 0 0;-1 -1 -1 -1 0
1641,53,0 1 1 1 1;-1 0 -1 -1 -1;-1 -1 0 -1 -1;0 0 0 0 0;0 0 0 0 0
1642,77,0 1 1 1 1;-1 0 -1 -1 -1;-1 -1 0 -1 -1;0 0 0 0 0;1 1 1 1 0
1643,170,0 1 1 1 1;-1 0 -1 -1 -1;-1 -1 0 -1 -1;0 0 0 0 0;2 2 2 2 0
1644,74,0 1 1 1 1;-1 0 -1 -1 -1;-1 -1 0 -1 -1;1 1 1 0 1;-1 -1 -1 -1 0
1645,74,0 1 1 1 1;-1 0 -1 -1 -1;-1 -1 0 -1 -1;1 1 1 0 1;0 0 0 0 0
1646,218,0 1 1 1 1;-1 0 -1 -1 -1;-1 -1 0 -1 -1;2 2 2 0 2;-1 -1 -1 -1 0
1647,169,0 1 1 1 1;-1 0 -1 -1 -1;-1 -1 0 -1 -1;2 2 2 0 2;0 0 0 0 0
1648,283,0 1 1 1 1;-1 0 -1 -1 -1;-1 -1 0 -1 -1;2 2 2 0 2;2 2 2 2 0
1649,321,0 1 1 1 1;-1 0 -1 -1 -1;-1 -1 0 -1 -1;3 3 3 0 3;-1 -1 -1 -1 0
1650,119,0 1 1 1 1;-1 0 -1 -1 -1;-1 -1 0 0 -1;-1 -1 -1 0 -1;1 1 1 1 0
1651,122,0 1 1 1 1;-1 0 -1 -1 -1;-1 -1 0 1 -1;-1 -1 -1 0 -1;1 1 1 1 0
1652,188,0 1 1 1 1;-1 0 -1 -1 -1;-1 -1 0 1 -1;0 0 0 0 0;-1 -1 -1 -1 0
1653,46,0 1 1 1 1;-1 0 -1 -1 -1;0 0 0 0 0;-1 -1 -1 0 -1;-1 -1 -1 -1 0
1654,46,0 1 1 1 1;-1 0 -1 -1 -1;0 0 0 0 0;-1 -1 -1 0 -1;0 0 0 0 0
1655,77,0 1 1 1 1;-1 0 -1 -1 -1;0 0 0 0 0;-1 -1 -1 0 -1;1 1 1 1 0
1656,170,0 1 1 1 1;-1 0 -1 -1 -1;0 0 0 0 0;-1 -1 -1 0 -1;2 2 2 2 0
1657,46,0 1 1 1 1;-1 0 -1 -1 -1;0 0 0 0 0;0 0 0 0 0;-1 -1 -1 -1 0
1658,110,0 1 1 1 1;-1 0 -1 -1 -1;0 0 0 0 0;0 0 0 0 0;0 0 0 0 0
1659,77,0 1 1 1 1;-1 0 -1 -1 -1;0 0 0 0 0;0 0 0 0 0;1 1 1 1 0
1660,74,0 1 1 1 1;-1 0 -1 -1 -1;0 0 0 0 0;1 1 1 0 1;-1 -1 -1 -1 0
1661,74,0 1 1 1 1;-1 0 -1 -1 -1;0 0 0 0 0;1 1 1 0 1;0 0 0 0 0
1662,169,0 1 1 1 1;-1 0 -1 -1 -1;0 0 0 0 0;2 2 2 0 2;-1 -1 -1 -1 0
1663,72,0 1 1 1 1;-1 0 -1 -1 -1;1 1 0 1 1;-1 -1 -1 0 -1;-1 -1 -1 -1 0
1664,72,0 1 1 1 1;-1 0 -1 -1 -1;1 1 0 1 1;-1 -1 -1 0 -1;0 0 0 0 0
1665,111,0 1 1 1 1;-1 0 -1 -1 -1;1 1 0 1 1;-1 -1 -1 0 1;-1 -1 -1 -1 0
1666,72,0 1 1 1 1;-1 0 -1 -1 -1;1 1 0 1 1;0 0 0 0 0;-1 -1 -1 -1 0
1667,72,0 1 1 1 1;-1 0 -1 -1 -1;1 1 0 1 1;0 0 0 0 0;0 0 0 0 0
1668,92,0 1 1 1 1;-1 0 -1 -1 -1;1 1 0 3 1;-1 -1 -1 0 -1;-1 -1 -1 -1 0
1669,220,0 1 1 1 1;-1 0 -1 -1 -1;2 2 0 2 2;-1 -1 -1 0 -1;-1 -1 -1 -1 0
1670,176,0 1 1 1 1;-1 0 -1 -1 -1;2 2 0 2 2;-1 -1 -1 0 -1;0 0 0 0 0
1671,284,0 1 1 1 1;-1 0 -1 -1 -1;2 2 0 2 2;-1 -1 -1 0 -1;2 2 2 2 0
1672,176,0 1 1 1 1;-1 0 -1 -1 -1;2 2 0 2 2;0 0 0 0 0;-1 -1 -1 -1 0
1673,285,0 1 1 1 1;-1 0 -1 -1 -1;2 2 0 2 2;2 2 2 0 2;-1 -1 -1 -1 0
1674,375,0 1 1 1 1;-1 0 -1 -1 -1;3 3 0 3 3;-1 -1 -1 0 -1;-1 -1 -1 -1 0
1675,172,0 1 1 1 1;-1 0 0 -1 -1;-1 -1 0 -1 -1;1 1 1 0 1;-1 -1 -1 -1 0
1676,7,0 1 1 1 1;-1 0 0 -1 -1;0 0 0 0 0;-1 -1 -1 0 -1;-1 -1 -1 -1 0
1677,46,0 1 1 1 1;0 0 0 0 0;-1 -1 0 -1 -1;-1 -1 -1 0 -1;-1 -1 -1 -1 0
1678,53,0 1 1 1 1;0 0 0 0 0;-1 -1 0 -1 -1;-1 -1 -1 0 -1;0 0 0 0 0
1679,77,0 1 1 1 1;0 0 0 0 0;-1 -1 0 -1 -1;-1 -1 -1 0 -1;1 1 1 1 0
1680,170,0 1 1 1 1;0 0 0 0 0;-1 -1 0 -1 -1;-1 -1 -1 0 -1;2 2 2 2 0
1681,53,0 1 1 1 1;0 0 0 0 0;-1 -1 0 -1 -1;0 0 0 0 0;-1 -1 -1 -1 0
1682,53,0 1 1 1 1;0 0 0 0 0;-1 -1 0 -1 -1;0 0 0 0 0;0 0 0 0 0
1683,77,0 1 1 1 1;0 0 0 0 0;-1 -1 0 -1 -1;0 0 0 0 0;1 1 1 1 0
1684,74,0 1 1 1 1;0 0 0 0 0;-1 -1 0 -1 -1;1 1 1 0 1;-1 -1 -1 -1 0
1685,74,0 1 1 1 1;0 0 0 0 0;-1 -1 0 -1 -1;1 1 1 0 1;0 0 0 0 0
1686,169,0 1 1 1 1;0 0 0 0 0;-1 -1 0 -1 -1;2 2 2 0 2;-1 -1 -1 -1 0
1687,46,0 1 1 1 1;0 0 0 0 0;0 0 0 0 0;-1 -1 -1 0 -1;-1 -1 -1 -1 0
1688,105,0 1 1 1 1;0 0 0 0 0;0 0 0 0 0;-1 -1 -1 0 -1;0 0 0 0 0
1689,77,0 1 1 1 1;0 0 0 0 0;0 0 0 0 0;-1 -1 -1 0 -1;1 1 1 1 0
1690,61,0 1 1 1 1;0 0 0 0 0;0 0 0 0 0;0 0 0 0 0;-1 -1 -1 -1 0
1691,105,0 1 1 1 1;0 0 0 0 0;0 0 0 0 0;0 0 0 0 0;0 0 0 0 0
1692,74,0 1 1 1 1;0 0 0 0 0;0 0 0 0 0;1 1 1 0 1;-1 -1 -1 -1 0
1693,72,0 1 1 1 1;0 0 0 0 0;1 1 0 1 1;-1 -1 -1 0 -1;-1 -1 -1 -1 0
1694,72,0 1 1 1 1;0 0 0 0 0;1 1 0 1 1;-1 -1 -1 0 -1;0 0 0 0 0
1695,72,0 1 1 1 1;0 0 0 0 0;1 1 0 1 1;0 0 0 0 0;-1 -1 -1 -1 0
1696,176,0 1 1 1 1;0 0 0 0 0;2 2 0 2 2;-1 -1 -1 0 -1;-1 -1 -1 -1 0
1697,70,0 1 1 1 1;1 0 1 1 1;-1 -1 0 -1 -1;-1 -1 -1 0 -1;-1 -1 -1 -1 0
1698,70,0 1 1 1 1;1 0 1 1 1;-1 -1 0 -1 -1;-1 -1 -1 0 -1;0 0 0 0 0
1699,142,0 1 1 1 1;1 0 1 1 1;-1 -1 0 -1 -1;-1 -1 -1 0 0;-1 -1 -1 -1 0
1700,70,0 1 1 1 1;1 0 1 1 1;-1 -1 0 -1 -1;0 0 0 0 0;-1 -1 -1 -1 0
1701,70,0 1 1 1 1;1 0 1 1 1;-1 -1 0 -1 -1;0 0 0 0 0;0 0 0 0 0
1702,70,0 1 1 1 1;1 0 1 1 1;0 0 0 0 0;-1 -1 -1 0 -1;-1 -1 -1 -1 0
1703,70,0 1 1 1 1;1 0 1 1 1;0 0 0 0 0;-1 -1 -1 0 -1;0 0 0 0 0
1704,70,0 1 1 1 1;1 0 1 1 1;0 0 0 0 0;0 0 0 0 0;-1 -1 -1 -1 0
1705,347,0 1 1 1 1;1 0 2 1 1;-1 -1 0 -1 -1;-1 -1 -1 0 -1;-1 -1 -1 -1 0
1706,145,0 1 1 1 1;1 0 2 1 1;-1 -1 0 -1 -1;-1 -1 -1 0 0;-1 -1 -1 -1 0
1707,407,0 1 1 1 1;1 0 2 1 1;-1 -1 0 -1 -1;-1 -1 -1 0 2;-1 -1 -1 -1 0
1708,233,0 1 1 1 1;2 0 2 2 2;-1 -1 0 -1 -1;-1 -1 -1 0 -1;-1 -1 -1 -1 0
1709,164,0 1 1 1 1;2 0 2 2 2;-1 -1 0 -1 -1;-1 -1 -1 0 -1;0 0 0 0 0
1710,286,0 1 1 1 1;2 0 2 2 2;-1 -1 0 -1 -1;-1 -1 -1 0 -1;2 2 2 2 0
1711,164,0 1 1 1 1;2 0 2 2 2;-1 -1 0 -1 -1;0 0 0 0 0;-1 -1 -1 -1 0
1712,287,0 1 1 1 1;2 0 2 2 2;-1 -1 0 -1 -1;2 2 2 0 2;-1 -1 -1 -1 0
1713,164,0 1 1 1 1;2 0 2 2 2;0 0 0 0 0;-1 -1 -1 0 -1;-1 -1 -1 -1 0
1714,288,0 1 1 1 1;2 0 2 2 2;2 2 0 2 2;-1 -1 -1 0 -1;-1 -1 -1 -1 0
1715,348,0 1 1 1 1;3 0 3 3 3;-1 -1 0 -1 -1;-1 -1 -1 0 -1;-1 -1 -1 -1 0
1716,564,0 1 2 1 2;-1 0 -1 -1 -1;-1 -1 0 -1 -1;-1 -1 -1 0 -1;-1 -1 -1 -1 0
1717,337,0 1 2 1 2;-1 0 -1 -1 -1;-1 -1 0 -1 -1;1 1 1 0 2;-1 -1 -1 -1 0
1718,199,0 1 2 1 2;-1 0 0 -1 -1;-1 -1 0 -1 -1;1 1 1 0 2;-1 -1 -1 -1 0
1719,365,0 1 2 1 2;1 0 2 1 1;-1 -1 0 -1 -1;-1 -1 -1 0 -1;-1 -1 -1 -1 0
1720,202,0 1 2 1 2;1 0 2 1 1;-1 -1 0 -1 -1;-1 -1 -1 0 0;-1 -1 -1 -1 0
1721,175,0 1 3 1 3;-1 0 1 -1 -1;0 0 0 0 0;1 1 1 0 3;-1 -1 -1 -1 0
1722,210,0 1 3 1 3;0 0 1 0 0;-1 -1 0 -1 -1;0 0 0 0 3;0 0 0 0 0
1723,202,0 1 3 1 3;0 0 3 0 0;0 0 0 0 0;0 0 0 0 1;-1 -1 -1 -1 0
1724,203,0 1 3 1 3;0 0 3 0 0;0 0 0 0 0;1 1 1 0 3;-1 -1 -1 -1 0
1725,176,0 1 3 1 3;1 0 3 1 1;-1 -1 0 -1 -1;-1 -1 -1 0 1;0 0 0 0 0
1726,211,0 1 3 1 3;1 0 3 1 1;-1 -1 0 -1 -1;0 0 0 0 3;0 0 0 0 0
1727,147,0 1 4 1 4;-1 0 -1 -1 -1;-1 -1 0 -1 -1;-1 -1 -1 0 -1;-1 -1 -1 -1 0
1728,147,0 1 4 1 4;-1 0 -1 -1 -1;-1 -1 0 -1 -1;-1 -1 -1 0 -1;0 0 0 0 0
1729,446,0 1 4 1 4;-1 0 -1 -1 -1;-1 -1 0 -1 -1;-1 -1 -1 0 -1;1 1 1 1 0
1730,384,0 1 4 1 4;-1 0 -1 -1 -1;-1 -1 0 -1 -1;-1 -1 -1 0 -1;3 3 3 3 0
1731,147,0 1 4 1 4;-1 0 -1 -1 -1;-1 -1 0 -1 -1;-1 -1 -1 0 0;-1 -1 -1 -1 0
1732,109,0 1 4 1 4;-1 0 -1 -1 -1;-1 -1 0 -1 -1;-1 -1 -1 0 0;1 1 1 1 0
1733,199,0 1 4 1 4;-1 0 -1 -1 -1;-1 -1 0 -1 -1;-1 -1 -1 0 0;3 3 3 3 0
1734,302,0 1 4 1 4;-1 0 -1 -1 -1;-1 -1 0 -1 -1;-1 -1 -1 0 2;-1 -1 -1 -1 0
1735,121,0 1 4 1 4;-1 0 -1 -1 -1;-1 -1 0 -1 -1;1 1 1 0 4;-1 -1 -1 -1 0
1736,338,0 1 4 1 4;-1 0 -1 -1 -1;-1 -1 0 -1 -1;3 3 3 0 6;-1 -1 -1 -1 0
1737,147,0 1 4 1 4;-1 0 -1 -1 -1;0 0 0 0 0;-1 -1 -1 0 -1;-1 -1 -1 -1 0
1738,170,0 1 4 1 4;-1 0 -1 -1 -1;0 0 0 0 0;-1 -1 -1 0 0;-1 -1 -1 -1 0
1739,447,0 1 4 1 4;-1 0 -1 -1 -1;1 1 0 1 1;-1 -1 -1 0 -1;-1 -1 -1 -1 0
1740,99,0 1 4 1 4;-1 0 -1 -1 -1;1 1 0 1 1;-1 -1 -1 0 0;-1 -1 -1 -1 0
1741,390,0 1 4 1 4;-1 0 -1 -1 -1;3 3 0 3 3;-1 -1 -1 0 -1;-1 -1 -1 -1 0
1742,191,0 1 4 1 4;-1 0 -1 -1 -1;3 3 0 3 3;-1 -1 -1 0 0;-1 -1 -1 -1 0
1743,147,0 1 4 1 4;-1 0 0 -1 -1;-1 -1 0 -1 -1;-1 -1 -1 0 -1;-1 -1 -1 -1 0
1744,179,0 1 4 1 4;-1 0 0 -1 -1;-1 -1 0 -1 -1;-1 -1 -1 0 -1;0 0 0 0 0
1745,109,0 1 4 1 4;-1 0 0 -1 -1;-1 -1 0 -1 -1;-1 -1 -1 0 -1;1 1 1 1 0
1746,199,0 1 4 1 4;-1 0 0 -1 -1;-1 -1 0 -1 -1;-1 -1 -1 0 -1;3 3 3 3 0
1747,147,0 1 4 1 4;-1 0 0 -1 -1;-1 -1 0 -1 -1;-1 -1 -1 0 0;-1 -1 -1 -1 0
1748,109,0 1 4 1 4;-1 0 0 -1 -1;-1 -1 0 -1 -1;-1 -1 -1 0 0;1 1 1 1 0
1749,384,0 1 4 1 4;-1 0 0 -1 -1;-1 -1 0 -1 -1;-1 -1 -1 0 0;3 3 3 3 0
1750,302,0 1 4 1 4;-1 0 0 -1 -1;-1 -1 0 -1 -1;-1 -1 -1 0 2;-1 -1 -1 -1 0
1751,133,0 1 4 1 4;-1 0 0 -1 -1;-1 -1 0 -1 -1;-1 -1 -1 0 2;1 1 1 1 0
1752,152,0 1 4 1 4;-1 0 0 -1 -1;-1 -1 0 -1 -1;0 0 0 0 2;1 1 1 1 0
1753,121,0 1 4 1 4;-1 0 0 -1 -1;-1 -1 0 -1 -1;1 1 1 0 4;-1 -1 -1 -1 0
1754,338,0 1 4 1 4;-1 0 0 -1 -1;-1 -1 0 -1 -1;3 3 3 0 6;-1 -1 -1 -1 0
1755,109,0 1 4 1 4;-1 0 0 -1 -1;0 0 0 0 0;-1 -1 -1 0 0;1 1 1 1 0
1756,152,0 1 4 1 4;-1 0 0 -1 -1;0 0 0 0 0;0 0 0 0 2;1 1 1 1 0
1757,121,0 1 4 1 4;-1 0 0 -1 -1;0 0 0 0 0;1 1 1 0 4;-1 -1 -1 -1 0
1758,99,0 1 4 1 4;-1 0 0 -1 -1;1 1 0 1 1;-1 -1 -1 0 -1;-1 -1 -1 -1 0
1759,99,0 1 4 1 4;-1 0 0 -1 -1;1 1 0 1 1;-1 -1 -1 0 0;-1 -1 -1 -1 0
1760,99,0 1 4 1 4;-1 0 0 -1 -1;1 1 0 1 1;-1 -1 -1 0 0;0 0 0 0 0
1761,136,0 1 4 1 4;-1 0 0 -1 -1;1 1 0 1 1;0 0 0 0 2;-1 -1 -1 -1 0
1762,136,0 1 4 1 4;-1 0 0 -1 -1;1 1 0 1 1;0 0 0 0 2;0 0 0 0 0
1763,191,0 1 4 1 4;-1 0 0 -1 -1;3 3 0 3 3;-1 -1 -1 0 -1;-1 -1 -1 -1 0
1764,390,0 1 4 1 4;-1 0 0 -1 -1;3 3 0 3 3;-1 -1 -1 0 0;-1 -1 -1 -1 0
1765,303,0 1 4 1 4;-1 0 2 -1 -1;-1 -1 0 -1 -1;-1 -1 -1 0 -1;-1 -1 -1 -1 0
1766,303,0 1 4 1 4;-1 0 2 -1 -1;-1 -1 0 -1 -1;-1 -1 -1 0 0;-1 -1 -1 -1 0
1767,68,0 1 4 1 4;-1 0 2 -1 -1;-1 -1 0 -1 -1;-1 -1 -1 0 2;-1 -1 -1 -1 0
1768,151,0 1 4 1 4;-1 0 2 -1 -1;-1 -1 0 -1 -1;-1 -1 -1 0 2;1 1 1 1 0
1769,147,0 1 4 1 4;-1 0 2 -1 -1;-1 -1 0 -1 -1;0 0 0 0 2;-1 -1 -1 -1 0
1770,147,0 1 4 1 4;-1 0 2 -1 -1;-1 -1 0 -1 -1;0 0 0 0 2;0 0 0 0 0
1771,110,0 1 4 1 4;-1 0 2 -1 -1;-1 -1 0 -1 -1;1 1 1 0 4;-1 -1 -1 -1 0
1772,303,0 1 4 1 4;-1 0 2 -1 -1;0 0 0 0 0;0 0 0 0 0;-1 -1 -1 -1 0
1773,234,0 1 4 1 4;-1 0 2 -1 -1;0 0 0 0 0;0 0 0 0 2;-1 -1 -1 -1 0
1774,36,0 1 4 1 4;-1 0 2 -1 -1;1 1 0 1 1;-1 -1 -1 0 0;-1 -1 -1 -1 0
1775,137,0 1 4 1 4;-1 0 2 -1 -1;1 1 0 1 1;-1 -1 -1 0 2;-1 -1 -1 -1 0
1776,302,0 1 4 1 4;0 0 0 0 0;-1 -1 0 -1 -1;-1 -1 -1 0 2;0 0 0 0 0
1777,147,0 1 4 1 4;0 0 0 0 0;-1 -1 0 -1 -1;0 0 0 0 0;-1 -1 -1 -1 0
1778,302,0 1 4 1 4;0 0 0 0 0;-1 -1 0 -1 -1;0 0 0 0 2;-1 -1 -1 -1 0
1779,150,0 1 4 1 4;0 0 2 0 0;-1 -1 0 -1 -1;-1 -1 -1 0 0;1 1 1 1 0
1780,144,0 1 4 1 4;0 0 2 0 0;-1 -1 0 -1 -1;-1 -1 -1 0 2;-1 -1 -1 -1 0
1781,234,0 1 4 1 4;0 0 2 0 0;-1 -1 0 -1 -1;-1 -1 -1 0 2;0 0 0 0 0
1782,303,0 1 4 1 4;0 0 2 0 0;-1 -1 0 -1 -1;0 0 0 0 0;-1 -1 -1 -1 0
1783,234,0 1 4 1 4;0 0 2 0 0;-1 -1 0 -1 -1;0 0 0 0 2;-1 -1 -1 -1 0
1784,151,0 1 4 1 4;0 0 2 0 0;-1 -1 0 -1 -1;0 0 0 0 2;1 1 1 1 0
1785,157,0 1 4 1 4;0 0 2 0 0;-1 -1 0 -1 -1;1 1 1 0 4;-1 -1 -1 -1 0
1786,150,0 1 4 1 4;0 0 2 0 0;0 0 0 0 0;-1 -1 -1 0 0;1 1 1 1 0
1787,144,0 1 4 1 4;0 0 2 0 0;0 0 0 0 0;-1 -1 -1 0 2;-1 -1 -1 -1 0
1788,157,0 1 4 1 4;0 0 2 0 0;0 0 0 0 0;1 1 1 0 4;-1 -1 -1 -1 0
1789,138,0 1 4 1 4;0 0 2 0 0;1 1 0 1 1;-1 -1 -1 0 0;-1 -1 -1 -1 0
1790,138,0 1 4 1 4;0 0 2 0 0;1 1 0 1 1;-1 -1 -1 0 0;0 0 0 0 0
1791,137,0 1 4 1 4;0 0 2 0 0;1 1 0 1 1;0 0 0 0 2;-1 -1 -1 -1 0
1792,103,0 1 4 1 4;1 0 4 1 1;-1 -1 0 -1 -1;-1 -1 -1 0 -1;-1 -1 -1 -1 0
1793,103,0 1 4 1 4;1 0 4 1 1;-1 -1 0 -1 -1;-1 -1 -1 0 0;-1 -1 -1 -1 0
1794,103,0 1 4 1 4;1 0 4 1 1;-1 -1 0 -1 -1;-1 -1 -1 0 0;0 0 0 0 0
1795,138,0 1 4 1 4;1 0 4 1 1;-1 -1 0 -1 -1;-1 -1 -1 0 2;-1 -1 -1 -1 0
1796,142,0 1 4 1 4;1 0 4 1 1;-1 -1 0 -1 -1;0 0 0 0 2;-1 -1 -1 -1 0
1797,142,0 1 4 1 4;1 0 4 1 1;-1 -1 0 -1 -1;0 0 0 0 2;0 0 0 0 0
1798,366,0 1 4 1 4;3 0 6 3 3;-1 -1 0 -1 -1;-1 -1 -1 0 -1;-1 -1 -1 -1 0
1799,366,0 1 4 1 4;3 0 6 3 3;-1 -1 0 -1 -1;-1 -1 -1 0 0;-1 -1 -1 -1 0
1800,123,0 2 -1 -1 -1;-1 0 -1 -1 -1;-1 -1 0 -1 -1;-1 -1 -1 0 -1;-1 -1 -1 -1 0
1801,74,0 2 -1 -1 -1;-1 0 -1 -1 -1;-1 -1 0 -1 -1;-1 -1 -1 0 0;-1 -1 -1 -1 0
1802,123,0 2 -1 -1 -1;-1 0 -1 -1 -1;-1 -1 0 -1 -1;-1 -1 -1 0 0;0 0 0 0 0
1803,135,0 2 -1 -1 -1;-1 0 -1 -1 -1;-1 -1 0 -1 -1;-1 -1 -1 0 2;-1 -1 -1 -1 0
1804,45,0 2 -1 -1 -1;-1 0 -1 -1 -1;-1 -1 0 0 -1;-1 -1 -1 0 -1;-1 -1 -1 -1 0
1805,182,0 2 -1 -1 -1;-1 0 -1 -1 -1;-1 -1 0 0 -1;-1 -1 -1 0 -1;1 1 1 1 0
1806,74,0 2 -1 -1 -1;-1 0 -1 -1 -1;-1 -1 0 0 -1;-1 -1 -1 0 0;-1 -1 -1 -1 0
1807,182,0 2 -1 -1 -1;-1 0 -1 -1 -1;-1 -1 0 0 -1;-1 -1 -1 0 0;1 1 1 1 0
1808,135,0 2 -1 -1 -1;-1 0 -1 -1 -1;-1 -1 0 0 -1;-1 -1 -1 0 2;-1 -1 -1 -1 0
1809,123,0 2 -1 -1 -1;-1 0 -1 -1 -1;-1 -1 0 0 -1;0 0 0 0 0;-1 -1 -1 -1 0
1810,266,0 2 -1 -1 -1;-1 0 -1 -1 -1;-1 -1 0 0 -1;0 0 0 0 2;-1 -1 -1 -1 0
1811,164,0 2 -1 -1 -1;-1 0 -1 -1 -1;-1 -1 0 0 -1;0 0 0 0 2;0 0 0 0 0
1812,81,0 2 -1 -1 -1;-1 0 -1 -1 -1;-1 -1 0 2 -1;-1 -1 -1 0 -1;-1 -1 -1 -1 0
1813,65,0 2 -1 -1 -1;-1 0 -1 -1 -1;-1 -1 0 2 -1;-1 -1 -1 0 -1;0 0 0 0 0
1814,177,0 2 -1 -1 -1;-1 0 -1 -1 -1;-1 -1 0 2 -1;-1 -1 -1 0 -1;1 1 1 1 0
1815,126,0 2 -1 -1 -1;-1 0 -1 -1 -1;-1 -1 0 2 -1;-1 -1 -1 0 0;-1 -1 -1 -1 0
1816,50,0 2 -1 -1 -1;-1 0 -1 -1 -1;-1 -1 0 2 -1;-1 -1 -1 0 0;0 0 0 0 0
1817,183,0 2 -1 -1 -1;-1 0 -1 -1 -1;-1 -1 0 2 -1;-1 -1 -1 0 0;1 1 1 1 0
1818,118,0 2 -1 -1 -1;-1 0 -1 -1 -1;-1 -1 0 2 -1;-1 -1 -1 0 2;-1 -1 -1 -1 0
1819,94,0 2 -1 -1 -1;-1 0 -1 -1 -1;-1 -1 0 2 -1;1 1 1 0 4;-1 -1 -1 -1 0
1820,27,0 2 -1 -1 -1;-1 0 -1 -1 -1;0 0 0 0 0;-1 -1 -1 0 -1;-1 -1 -1 -1 0
1821,184,0 2 -1 -1 -1;-1 0 -1 -1 -1;0 0 0 0 0;-1 -1 -1 0 -1;0 0 0 0 0
1822,69,0 2 -1 -1 -1;-1 0 -1 -1 -1;0 0 0 0 0;-1 -1 -1 0 0;-1 -1 -1 -1 0
1823,128,0 2 -1 -1 -1;-1 0 -1 -1 -1;0 0 0 0 0;-1 -1 -1 0 2;-1 -1 -1 -1 0
1824,266,0 2 -1 -1 -1;-1 0 -1 -1 -1;0 0 0 0 0;0 0 0 0 2;-1 -1 -1 -1 0
1825,304,0 2 -1 -1 -1;-1 0 -1 -1 -1;0 0 0 0 0;1 1 1 0 4;-1 -1 -1 -1 0
1826,38,0 2 -1 -1 -1;-1 0 -1 -1 -1;0 0 0 2 0;0 0 0 0 0;-1 -1 -1 -1 0
1827,259,0 2 -1 -1 -1;-1 0 -1 -1 -1;0 0 0 2 0;0 0 0 0 2;-1 -1 -1 -1 0
1828,94,0 2 -1 -1 -1;-1 0 -1 -1 -1;0 0 0 2 0;1 1 1 0 4;-1 -1 -1 -1 0
1829,367,0 2 -1 -1 -1;-1 0 -1 -1 -1;1 1 0 1 1;1 1 1 0 2;-1 -1 -1 -1 0
1830,131,0 2 -1 -1 -1;-1 0 -1 -1 -1;1 1 0 2 1;-1 -1 -1 0 -1;-1 -1 -1 -1 0
1831,322,0 2 -1 -1 -1;-1 0 -1 -1 -1;1 1 0 2 1;-1 -1 -1 0 -1;1 1 1 1 0
1832,267,0 2 -1 -1 -1;-1 0 -1 -1 -1;1 1 0 2 1;-1 -1 -1 0 0;0 0 0 0 0
1833,149,0 2 -1 -1 -1;-1 0 -1 -1 -1;1 1 0 2 1;-1 -1 -1 0 2;-1 -1 -1 -1 0
1834,180,0 2 -1 -1 -1;-1 0 -1 -1 -1;1 1 0 2 1;1 1 1 0 2;-1 -1 -1 -1 0
1835,140,0 2 -1 -1 -1;-1 0 -1 -1 -1;1 1 0 4 1;-1 -1 -1 0 -1;-1 -1 -1 -1 0
1836,196,0 2 -1 -1 -1;-1 0 0 -1 -1;-1 -1 0 -1 -1;-1 -1 -1 0 -1;-1 -1 -1 -1 0
1837,74,0 2 -1 -1 -1;-1 0 0 -1 -1;-1 -1 0 -1 -1;-1 -1 -1 0 0;-1 -1 -1 -1 0
1838,689,0 2 -1 -1 -1;-1 0 0 -1 -1;-1 -1 0 -1 -1;-1 -1 -1 0 2;-1 -1 -1 -1 0
1839,124,0 2 -1 -1 -1;-1 0 0 -1 -1;-1 -1 0 -1 -1;0 0 0 0 0;0 0 0 0 0
1840,190,0 2 -1 -1 -1;-1 0 0 -1 -1;-1 -1 0 0 -1;-1 -1 -1 0 -1;-1 -1 -1 -1 0
1841,125,0 2 -1 -1 -1;-1 0 0 -1 -1;-1 -1 0 0 -1;-1 -1 -1 0 0;-1 -1 -1 -1 0
1842,196,0 2 -1 -1 -1;-1 0 0 -1 -1;-1 -1 0 0 -1;-1 -1 -1 0 0;0 0 0 0 0
1843,193,0 2 -1 -1 -1;-1 0 0 -1 -1;-1 -1 0 0 -1;-1 -1 -1 0 2;-1 -1 -1 -1 0
1844,117,0 2 -1 -1 -1;-1 0 0 -1 -1;-1 -1 0 0 -1;0 0 0 0 0;-1 -1 -1 -1 0
1845,118,0 2 -1 -1 -1;-1 0 0 -1 -1;-1 -1 0 0 -1;0 0 0 0 0;0 0 0 0 0
1846,178,0 2 -1 -1 -1;-1 0 0 -1 -1;-1 -1 0 0 -1;0 0 0 0 0;1 1 1 1 0
1847,194,0 2 -1 -1 -1;-1 0 0 -1 -1;-1 -1 0 0 -1;0 0 0 0 2;-1 -1 -1 -1 0
1848,194,0 2 -1 -1 -1;-1 0 0 -1 -1;-1 -1 0 0 -1;0 0 0 0 2;0 0 0 0 0
1849,173,0 2 -1 -1 -1;-1 0 0 -1 -1;-1 -1 0 0 -1;0 0 0 0 2;1 1 1 1 0
1850,245,0 2 -1 -1 -1;-1 0 0 -1 -1;-1 -1 0 0 -1;1 1 1 0 2;1 1 1 1 0
1851,175,0 2 -1 -1 -1;-1 0 0 -1 -1;-1 -1 0 0 -1;1 1 1 0 4;-1 -1 -1 -1 0
1852,175,0 2 -1 -1 -1;-1 0 0 -1 -1;-1 -1 0 0 -1;1 1 1 0 4;0 0 0 0 0
1853,120,0 2 -1 -1 -1;-1 0 0 -1 -1;-1 -1 0 2 -1;-1 -1 -1 0 -1;-1 -1 -1 -1 0
1854,81,0 2 -1 -1 -1;-1 0 0 -1 -1;-1 -1 0 2 -1;-1 -1 -1 0 -1;0 0 0 0 0
1855,126,0 2 -1 -1 -1;-1 0 0 -1 -1;-1 -1 0 2 -1;-1 -1 -1 0 0;-1 -1 -1 -1 0
1856,252,0 2 -1 -1 -1;-1 0 0 -1 -1;-1 -1 0 2 -1;-1 -1 -1 0 0;0 0 0 0 0
1857,127,0 2 -1 -1 -1;-1 0 0 -1 -1;-1 -1 0 2 -1;-1 -1 -1 0 0;1 1 1 1 0
1858,99,0 2 -1 -1 -1;-1 0 0 -1 -1;-1 -1 0 2 -1;-1 -1 -1 0 2;-1 -1 -1 -1 0
1859,114,0 2 -1 -1 -1;-1 0 0 -1 -1;-1 -1 0 2 -1;-1 -1 -1 0 2;1 1 1 1 0
1860,126,0 2 -1 -1 -1;-1 0 0 -1 -1;-1 -1 0 2 -1;0 0 0 0 0;-1 -1 -1 -1 0
1861,94,0 2 -1 -1 -1;-1 0 0 -1 -1;-1 -1 0 2 -1;1 1 1 0 4;-1 -1 -1 -1 0
1862,289,0 2 -1 -1 -1;-1 0 0 -1 -1;-1 -1 0 2 -1;1 1 1 0 4;1 1 1 1 0
1863,27,0 2 -1 -1 -1;-1 0 0 -1 -1;0 0 0 0 0;-1 -1 -1 0 0;-1 -1 -1 -1 0
1864,184,0 2 -1 -1 -1;-1 0 0 -1 -1;0 0 0 0 0;-1 -1 -1 0 0;0 0 0 0 0
1865,50,0 2 -1 -1 -1;-1 0 0 -1 -1;0 0 0 0 0;-1 -1 -1 0 2;-1 -1 -1 -1 0
1866,189,0 2 -1 -1 -1;-1 0 0 -1 -1;0 0 0 0 0;-1 -1 -1 0 2;1 1 1 1 0
1867,154,0 2 -1 -1 -1;-1 0 0 -1 -1;0 0 0 2 0;-1 -1 -1 0 -1;-1 -1 -1 -1 0
1868,126,0 2 -1 -1 -1;-1 0 0 -1 -1;0 0 0 2 0;-1 -1 -1 0 -1;0 0 0 0 0
1869,44,0 2 -1 -1 -1;-1 0 0 -1 -1;0 0 0 2 0;-1 -1 -1 0 0;-1 -1 -1 -1 0
1870,120,0 2 -1 -1 -1;-1 0 0 -1 -1;0 0 0 2 0;-1 -1 -1 0 0;0 0 0 0 0
1871,127,0 2 -1 -1 -1;-1 0 0 -1 -1;0 0 0 2 0;-1 -1 -1 0 0;1 1 1 1 0
1872,72,0 2 -1 -1 -1;-1 0 0 -1 -1;0 0 0 2 0;-1 -1 -1 0 2;-1 -1 -1 -1 0
1873,114,0 2 -1 -1 -1;-1 0 0 -1 -1;0 0 0 2 0;-1 -1 -1 0 2;1 1 1 1 0
1874,159,0 2 -1 -1 -1;-1 0 0 -1 -1;0 0 0 2 0;0 0 0 0 0;-1 -1 -1 -1 0
1875,259,0 2 -1 -1 -1;-1 0 0 -1 -1;0 0 0 2 0;0 0 0 0 2;-1 -1 -1 -1 0
1876,159,0 2 -1 -1 -1;-1 0 0 -1 -1;0 0 0 2 0;1 1 1 0 4;-1 -1 -1 -1 0
1877,196,0 2 -1 -1 -1;-1 0 0 -1 -1;1 1 0 1 1;1 1 1 0 2;-1 -1 -1 -1 0
1878,132,0 2 -1 -1 -1;-1 0 0 -1 -1;1 1 0 2 1;-1 -1 -1 0 -1;-1 -1 -1 -1 0
1879,267,0 2 -1 -1 -1;-1 0 0 -1 -1;1 1 0 2 1;-1 -1 -1 0 0;0 0 0 0 0
1880,140,0 2 -1 -1 -1;-1 0 0 -1 -1;1 1 0 4 1;-1 -1 -1 0 -1;-1 -1 -1 -1 0
1881,83,0 2 -1 -1 -1;-1 0 0 -1 -1;1 1 0 4 1;-1 -1 -1 0 -1;0 0 0 0 0
1882,145,0 2 -1 -1 -1;-1 0 0 -1 -1;1 1 0 4 1;-1 -1 -1 0 0;-1 -1 -1 -1 0
1883,83,0 2 -1 -1 -1;-1 0 0 -1 -1;1 1 0 4 1;-1 -1 -1 0 0;0 0 0 0 0
1884,290,0 2 -1 -1 -1;-1 0 0 -1 -1;1 1 0 4 1;-1 -1 -1 0 0;1 1 1 1 0
1885,104,0 2 -1 -1 -1;-1 0 0 -1 -1;1 1 0 4 1;-1 -1 -1 0 2;-1 -1 -1 -1 0
1886,291,0 2 -1 -1 -1;-1 0 0 -1 -1;1 1 0 4 1;-1 -1 -1 0 2;1 1 1 1 0
1887,292,0 2 -1 -1 -1;-1 0 0 -1 -1;1 1 0 4 1;1 1 1 0 4;-1 -1 -1 -1 0
1888,174,0 2 -1 -1 -1;-1 0 2 -1 -1;-1 -1 0 -1 -1;-1 -1 -1 0 -1;-1 -1 -1 -1 0
1889,54,0 2 -1 -1 -1;-1 0 2 -1 -1;-1 -1 0 -1 -1;-1 -1 -1 0 0;-1 -1 -1 -1 0
1890,109,0 2 -1 -1 -1;-1 0 2 -1 -1;-1 -1 0 -1 -1;-1 -1 -1 0 2;-1 -1 -1 -1 0
1891,192,0 2 -1 -1 -1;-1 0 2 -1 -1;-1 -1 0 -1 -1;0 0 0 0 2;0 0 0 0 0
1892,174,0 2 -1 -1 -1;-1 0 2 -1 -1;-1 -1 0 -1 -1;0 0 0 0 2;1 1 1 1 0
1893,246,0 2 -1 -1 -1;-1 0 2 -1 -1;-1 -1 0 -1 -1;1 1 1 0 2;1 1 1 1 0
1894,250,0 2 -1 -1 -1;-1 0 2 -1 -1;-1 -1 0 0 -1;-1 -1 -1 0 -1;-1 -1 -1 -1 0
1895,67,0 2 -1 -1 -1;-1 0 2 -1 -1;-1 -1 0 0 -1;-1 -1 -1 0 0;-1 -1 -1 -1 0
1896,156,0 2 -1 -1 -1;-1 0 2 -1 -1;-1 -1 0 0 -1;-1 -1 -1 0 0;0 0 0 0 0
1897,109,0 2 -1 -1 -1;-1 0 2 -1 -1;-1 -1 0 0 -1;-1 -1 -1 0 2;-1 -1 -1 -1 0
1898,119,0 2 -1 -1 -1;-1 0 2 -1 -1;-1 -1 0 0 -1;-1 -1 -1 0 2;1 1 1 1 0
1899,52,0 2 -1 -1 -1;-1 0 2 -1 -1;-1 -1 0 0 -1;0 0 0 0 0;-1 -1 -1 -1 0
1900,143,0 2 -1 -1 -1;-1 0 2 -1 -1;-1 -1 0 0 -1;0 0 0 0 0;0 0 0 0 0
1901,83,0 2 -1 -1 -1;-1 0 2 -1 -1;-1 -1 0 0 -1;0 0 0 0 2;-1 -1 -1 -1 0
1902,83,0 2 -1 -1 -1;-1 0 2 -1 -1;-1 -1 0 0 -1;0 0 0 0 2;0 0 0 0 0
1903,97,0 2 -1 -1 -1;-1 0 2 -1 -1;-1 -1 0 0 -1;0 0 0 0 2;1 1 1 1 0
1904,92,0 2 -1 -1 -1;-1 0 2 -1 -1;-1 -1 0 0 -1;1 1 1 0 4;-1 -1 -1 -1 0
1905,293,0 2 -1 -1 -1;-1 0 2 -1 -1;-1 -1 0 0 -1;1 1 1 0 4;1 1 1 1 0
1906,160,0 2 -1 -1 -1;-1 0 2 -1 -1;-1 -1 0 2 -1;-1 -1 -1 0 -1;-1 -1 -1 -1 0
1907,59,0 2 -1 -1 -1;-1 0 2 -1 -1;-1 -1 0 2 -1;-1 -1 -1 0 -1;0 0 0 0 0
1908,134,0 2 -1 -1 -1;-1 0 2 -1 -1;-1 -1 0 2 -1;-1 -1 -1 0 0;-1 -1 -1 -1 0
1909,104,0 2 -1 -1 -1;-1 0 2 -1 -1;-1 -1 0 2 -1;-1 -1 -1 0 0;0 0 0 0 0
1910,77,0 2 -1 -1 -1;-1 0 2 -1 -1;-1 -1 0 2 -1;-1 -1 -1 0 0;1 1 1 1 0
1911,17,0 2 -1 -1 -1;-1 0 2 -1 -1;-1 -1 0 2 -1;-1 -1 -1 0 2;-1 -1 -1 -1 0
1912,0,0 2 -1 -1 -1;-1 0 2 -1 -1;-1 -1 0 2 -1;-1 -1 -1 0 2;1 1 1 1 0
1913,14,0 2 -1 -1 -1;-1 0 2 -1 -1;-1 -1 0 2 -1;1 1 1 0 4;-1 -1 -1 -1 0
1914,85,0 2 -1 -1 -1;-1 0 2 -1 -1;-1 -1 0 2 -1;1 1 1 0 4;1 1 1 1 0
1915,212,0 2 -1 -1 -1;-1 0 2 -1 -1;0 0 0 0 0;-1 -1 -1 0 0;-1 -1 -1 -1 0
1916,146,0 2 -1 -1 -1;-1 0 2 -1 -1;0 0 0 0 0;0 0 0 0 0;-1 -1 -1 -1 0
1917,58,0 2 -1 -1 -1;-1 0 2 -1 -1;0 0 0 2 0;-1 -1 -1 0 0;-1 -1 -1 -1 0
1918,248,0 2 -1 -1 -1;-1 0 2 -1 -1;0 0 0 2 0;-1 -1 -1 0 0;0 0 0 0 0
1919,77,0 2 -1 -1 -1;-1 0 2 -1 -1;0 0 0 2 0;-1 -1 -1 0 0;1 1 1 1 0
1920,105,0 2 -1 -1 -1;-1 0 2 -1 -1;1 1 0 4 1;-1 -1 -1 0 0;-1 -1 -1 -1 0
1921,105,0 2 -1 -1 -1;-1 0 2 -1 -1;1 1 0 4 1;-1 -1 -1 0 0;0 0 0 0 0
1922,294,0 2 -1 -1 -1;-1 0 2 -1 -1;1 1 0 4 1;-1 -1 -1 0 0;1 1 1 1 0
1923,15,0 2 -1 -1 -1;-1 0 2 -1 -1;1 1 0 4 1;-1 -1 -1 0 2;-1 -1 -1 -1 0
1924,65,0 2 -1 -1 -1;-1 0 2 -1 -1;1 1 0 4 1;-1 -1 -1 0 2;1 1 1 1 0
1925,15,0 2 -1 -1 -1;-1 0 2 -1 -1;1 1 0 4 1;0 0 0 0 2;-1 -1 -1 -1 0
1926,116,0 2 -1 -1 -1;-1 0 2 -1 -1;1 1 0 4 1;1 1 1 0 4;-1 -1 -1 -1 0
1927,123,0 2 -1 -1 -1;0 0 0 0 0;-1 -1 0 0 -1;-1 -1 -1 0 -1;-1 -1 -1 -1 0
1928,123,0 2 -1 -1 -1;0 0 0 0 0;-1 -1 0 0 -1;-1 -1 -1 0 -1;0 0 0 0 0
1929,227,0 2 -1 -1 -1;0 0 0 0 0;-1 -1 0 0 -1;-1 -1 -1 0 -1;1 1 1 1 0
1930,123,0 2 -1 -1 -1;0 0 0 0 0;-1 -1 0 0 -1;-1 -1 -1 0 0;-1 -1 -1 -1 0
1931,227,0 2 -1 -1 -1;0 0 0 0 0;-1 -1 0 0 -1;-1 -1 -1 0 0;1 1 1 1 0
1932,300,0 2 -1 -1 -1;0 0 0 0 0;-1 -1 0 0 -1;1 1 1 0 4;-1 -1 -1 -1 0
1933,190,0 2 -1 -1 -1;0 0 0 0 0;1 1 0 2 1;-1 -1 -1 0 0;-1 -1 -1 -1 0
1934,684,0 2 -1 -1 -1;0 0 0 0 0;1 1 0 4 1;-1 -1 -1 0 -1;-1 -1 -1 -1 0
1935,180,0 2 -1 -1 -1;0 0 2 0 0;-1 -1 0 -1 -1;-1 -1 -1 0 0;-1 -1 -1 -1 0
1936,103,0 2 -1 -1 -1;0 0 2 0 0;-1 -1 0 0 -1;-1 -1 -1 0 -1;0 0 0 0 0
1937,66,0 2 -1 -1 -1;0 0 2 0 0;-1 -1 0 0 -1;-1 -1 -1 0 -1;1 1 1 1 0
1938,103,0 2 -1 -1 -1;0 0 2 0 0;-1 -1 0 0 -1;-1 -1 -1 0 0;-1 -1 -1 -1 0
1939,66,0 2 -1 -1 -1;0 0 2 0 0;-1 -1 0 0 -1;-1 -1 -1 0 0;1 1 1 1 0
1940,109,0 2 -1 -1 -1;0 0 2 0 0;-1 -1 0 0 -1;-1 -1 -1 0 2;0 0 0 0 0
1941,97,0 2 -1 -1 -1;0 0 2 0 0;-1 -1 0 0 -1;-1 -1 -1 0 2;1 1 1 1 0
1942,91,0 2 -1 -1 -1;0 0 2 0 0;-1 -1 0 0 -1;1 1 1 0 2;-1 -1 -1 -1 0
1943,98,0 2 -1 -1 -1;0 0 2 0 0;-1 -1 0 0 -1;1 1 1 0 4;-1 -1 -1 -1 0
1944,17,0 2 -1 -1 -1;0 0 2 0 0;-1 -1 0 2 -1;0 0 0 0 2;-1 -1 -1 -1 0
1945,99,0 2 -1 -1 -1;0 0 2 0 0;1 1 0 2 1;-1 -1 -1 0 0;-1 -1 -1 -1 0
1946,85,0 2 -1 -1 -1;0 0 2 0 0;1 1 0 4 1;-1 -1 -1 0 0;-1 -1 -1 -1 0
1947,565,0 2 -1 -1 -1;1 0 2 1 1;-1 -1 0 -1 -1;-1 -1 -1 0 -1;3 3 3 3 0
1948,135,0 2 -1 -1 -1;1 0 4 1 1;-1 -1 0 -1 -1;-1 -1 -1 0 0;-1 -1 -1 -1 0
1949,73,0 2 -1 -1 -1;1 0 4 1 1;-1 -1 0 0 -1;-1 -1 -1 0 0;-1 -1 -1 -1 0
1950,193,0 2 -1 -1 -1;1 0 4 1 1;-1 -1 0 0 -1;-1 -1 -1 0 2;-1 -1 -1 -1 0
1951,295,0 2 -1 -1 -1;1 0 4 1 1;-1 -1 0 0 -1;-1 -1 -1 0 2;1 1 1 1 0
1952,182,0 2 -1 -1 -1;1 0 4 1 1;-1 -1 0 0 -1;0 0 0 0 0;-1 -1 -1 -1 0
1953,168,0 2 -1 -1 -1;1 0 4 1 1;-1 -1 0 0 -1;0 0 0 0 2;-1 -1 -1 -1 0
1954,188,0 2 -1 -1 -1;1 0 4 1 1;-1 -1 0 0 -1;1 1 1 0 4;-1 -1 -1 -1 0
1955,122,0 2 -1 -1 -1;1 0 4 1 1;-1 -1 0 2 -1;-1 -1 -1 0 0;-1 -1 -1 -1 0
1956,122,0 2 -1 -1 -1;1 0 4 1 1;-1 -1 0 2 -1;-1 -1 -1 0 0;0 0 0 0 0
1957,296,0 2 -1 -1 -1;1 0 4 1 1;-1 -1 0 2 -1;-1 -1 -1 0 0;1 1 1 1 0
1958,16,0 2 -1 -1 -1;1 0 4 1 1;-1 -1 0 2 -1;-1 -1 -1 0 2;-1 -1 -1 -1 0
1959,100,0 2 -1 -1 -1;1 0 4 1 1;-1 -1 0 2 -1;-1 -1 -1 0 2;1 1 1 1 0
1960,16,0 2 -1 -1 -1;1 0 4 1 1;-1 -1 0 2 -1;0 0 0 0 2;-1 -1 -1 -1 0
1961,108,0 2 -1 -1 -1;1 0 4 1 1;-1 -1 0 2 -1;1 1 1 0 4;-1 -1 -1 -1 0
1962,122,0 2 -1 -1 -1;1 0 4 1 1;0 0 0 2 0;-1 -1 -1 0 0;-1 -1 -1 -1 0
1963,297,0 2 -1 -1 -1;1 0 4 1 1;1 1 0 4 1;-1 -1 -1 0 0;-1 -1 -1 -1 0
1964,113,0 2 -1 -1 -1;1 0 4 1 1;1 1 0 4 1;-1 -1 -1 0 2;-1 -1 -1 -1 0
1965,566,0 2 -1 -1 -1;3 0 6 3 3;1 1 0 2 1;-1 -1 -1 0 -1;-1 -1 -1 -1 0
1966,396,0 2 0 0 0;-1 0 -1 -1 -1;-1 -1 0 -1 -1;-1 -1 -1 0 -1;-1 -1 -1 -1 0
1967,196,0 2 0 0 0;-1 0 -1 -1 -1;-1 -1 0 -1 -1;-1 -1 -1 0 -1;0 0 0 0 0
1968,567,0 2 0 0 0;-1 0 -1 -1 -1;-1 -1 0 -1 -1;-1 -1 -1 0 -1;1 1 1 1 0
1969,196,0 2 0 0 0;-1 0 -1 -1 -1;-1 -1 0 -1 -1;0 0 0 0 0;-1 -1 -1 -1 0
1970,185,0 2 0 0 0;-1 0 -1 -1 -1;-1 -1 0 -1 -1;0 0 0 0 2;-1 -1 -1 -1 0
1971,300,0 2 0 0 0;-1 0 -1 -1 -1;-1 -1 0 -1 -1;1 1 1 0 4;-1 -1 -1 -1 0
1972,206,0 2 0 0 0;-1 0 -1 -1 -1;-1 -1 0 0 -1;-1 -1 -1 0 -1;-1 -1 -1 -1 0
1973,206,0 2 0 0 0;-1 0 -1 -1 -1;-1 -1 0 0 -1;-1 -1 -1 0 0;-1 -1 -1 -1 0
1974,194,0 2 0 0 0;-1 0 -1 -1 -1;-1 -1 0 0 -1;-1 -1 -1 0 2;-1 -1 -1 -1 0
1975,136,0 2 0 0 0;-1 0 -1 -1 -1;-1 -1 0 0 -1;-1 -1 -1 0 2;1 1 1 1 0
1976,196,0 2 0 0 0;-1 0 -1 -1 -1;-1 -1 0 0 -1;0 0 0 0 0;-1 -1 -1 -1 0
1977,194,0 2 0 0 0;-1 0 -1 -1 -1;-1 -1 0 0 -1;0 0 0 0 2;-1 -1 -1 -1 0
1978,126,0 2 0 0 0;-1 0 -1 -1 -1;-1 -1 0 2 -1;-1 -1 -1 0 -1;-1 -1 -1 -1 0
1979,127,0 2 0 0 0;-1 0 -1 -1 -1;-1 -1 0 2 -1;-1 -1 -1 0 -1;0 0 0 0 0
1980,185,0 2 0 0 0;-1 0 -1 -1 -1;-1 -1 0 2 -1;-1 -1 -1 0 0;-1 -1 -1 -1 0
1981,126,0 2 0 0 0;-1 0 -1 -1 -1;-1 -1 0 2 -1;-1 -1 -1 0 0;0 0 0 0 0
1982,259,0 2 0 0 0;-1 0 -1 -1 -1;-1 -1 0 2 -1;-1 -1 -1 0 2;-1 -1 -1 -1 0
1983,99,0 2 0 0 0;-1 0 -1 -1 -1;-1 -1 0 2 -1;-1 -1 -1 0 2;0 0 0 0 0
1984,196,0 2 0 0 0;-1 0 -1 -1 -1;0 0 0 0 0;-1 -1 -1 0 -1;-1 -1 -1 -1 0
1985,396,0 2 0 0 0;-1 0 -1 -1 -1;0 0 0 0 0;-1 -1 -1 0 0;-1 -1 -1 -1 0
1986,120,0 2 0 0 0;-1 0 -1 -1 -1;0 0 0 0 0;-1 -1 -1 0 0;0 0 0 0 0
1987,45,0 2 0 0 0;-1 0 -1 -1 -1;0 0 0 0 0;0 0 0 0 0;0 0 0 0 0
1988,194,0 2 0 0 0;-1 0 -1 -1 -1;0 0 0 0 0;0 0 0 0 2;-1 -1 -1 -1 0
1989,135,0 2 0 0 0;-1 0 -1 -1 -1;0 0 0 0 0;0 0 0 0 2;0 0 0 0 0
1990,300,0 2 0 0 0;-1 0 -1 -1 -1;0 0 0 0 0;1 1 1 0 4;-1 -1 -1 -1 0
1991,126,0 2 0 0 0;-1 0 -1 -1 -1;0 0 0 2 0;-1 -1 -1 0 -1;-1 -1 -1 -1 0
1992,127,0 2 0 0 0;-1 0 -1 -1 -1;0 0 0 2 0;-1 -1 -1 0 -1;0 0 0 0 0
1993,121,0 2 0 0 0;-1 0 -1 -1 -1;0 0 0 2 0;-1 -1 -1 0 -1;1 1 1 1 0
1994,44,0 2 0 0 0;-1 0 -1 -1 -1;0 0 0 2 0;-1 -1 -1 0 0;-1 -1 -1 -1 0
1995,127,0 2 0 0 0;-1 0 -1 -1 -1;0 0 0 2 0;-1 -1 -1 0 0;0 0 0 0 0
1996,183,0 2 0 0 0;-1 0 -1 -1 -1;0 0 0 2 0;-1 -1 -1 0 0;1 1 1 1 0
1997,118,0 2 0 0 0;-1 0 -1 -1 -1;0 0 0 2 0;-1 -1 -1 0 2;0 0 0 0 0
1998,81,0 2 0 0 0;-1 0 -1 -1 -1;0 0 0 2 0;0 0 0 0 0;0 0 0 0 0
1999,249,0 2 0 0 0;-1 0 -1 -1 -1;1 1 0 4 1;-1 -1 -1 0 -1;-1 -1 -1 -1 0
2000,684,0 2 0 0 0;-1 0 -1 -1 -1;1 1 0 4 1;-1 -1 -1 0 -1;0 0 0 0 0
2001,147,0 2 0 0 0;-1 0 0 -1 -1;-1 -1 0 -1 -1;-1 -1 -1 0 -1;0 0 0 0 0
2002,199,0 2 0 0 0;-1 0 0 -1 -1;-1 -1 0 -1 -1;-1 -1 -1 0 2;-1 -1 -1 -1 0
2003,137,0 2 0 0 0;-1 0 0 -1 -1;-1 -1 0 -1 -1;0 0 0 0 0;0 0 0 0 0
2004,40,0 2 0 0 0;-1 0 0 -1 -1;-1 -1 0 -1 -1;0 0 0 0 2;-1 -1 -1 -1 0
2005,138,0 2 0 0 0;-1 0 0 -1 -1;-1 -1 0 -1 -1;0 0 0 0 2;0 0 0 0 0
2006,194,0 2 0 0 0;-1 0 0 -1 -1;-1 -1 0 0 -1;-1 -1 -1 0 0;-1 -1 -1 -1 0
2007,193,0 2 0 0 0;-1 0 0 -1 -1;-1 -1 0 0 -1;-1 -1 -1 0 0;0 0 0 0 0
2008,165,0 2 0 0 0;-1 0 0 -1 -1;-1 -1 0 0 -1;-1 -1 -1 0 0;1 1 1 1 0
2009,199,0 2 0 0 0;-1 0 0 -1 -1;-1 -1 0 0 -1;-1 -1 -1 0 2;-1 -1 -1 -1 0
2010,125,0 2 0 0 0;-1 0 0 -1 -1;-1 -1 0 0 -1;-1 -1 -1 0 2;0 0 0 0 0
2011,166,0 2 0 0 0;-1 0 0 -1 -1;-1 -1 0 0 -1;-1 -1 -1 0 2;1 1 1 1 0
2012,38,0 2 0 0 0;-1 0 0 -1 -1;-1 -1 0 0 -1;0 0 0 0 0;-1 -1 -1 -1 0
2013,194,0 2 0 0 0;-1 0 0 -1 -1;-1 -1 0 0 -1;0 0 0 0 2;-1 -1 -1 -1 0
2014,39,0 2 0 0 0;-1 0 0 -1 -1;-1 -1 0 0 -1;1 1 1 0 4;-1 -1 -1 -1 0
2015,78,0 2 0 0 0;-1 0 0 -1 -1;-1 -1 0 0 -1;1 1 1 0 4;1 1 1 1 0
2016,126,0 2 0 0 0;-1 0 0 -1 -1;-1 -1 0 2 -1;-1 -1 -1 0 -1;-1 -1 -1 -1 0
2017,126,0 2 0 0 0;-1 0 0 -1 -1;-1 -1 0 2 -1;-1 -1 -1 0 -1;0 0 0 0 0
2018,120,0 2 0 0 0;-1 0 0 -1 -1;-1 -1 0 2 -1;-1 -1 -1 0 0;-1 -1 -1 -1 0
2019,126,0 2 0 0 0;-1 0 0 -1 -1;-1 -1 0 2 -1;-1 -1 -1 0 0;0 0 0 0 0
2020,99,0 2 0 0 0;-1 0 0 -1 -1;-1 -1 0 2 -1;-1 -1 -1 0 2;0 0 0 0 0
2021,185,0 2 0 0 0;-1 0 0 -1 -1;-1 -1 0 2 -1;0 0 0 0 0;-1 -1 -1 -1 0
2022,139,0 2 0 0 0;-1 0 0 -1 -1;-1 -1 0 2 -1;0 0 0 0 0;0 0 0 0 0
2023,568,0 2 0 0 0;-1 0 0 -1 -1;-1 -1 0 2 -1;0 0 0 0 0;1 1 1 1 0
2024,213,0 2 0 0 0;-1 0 0 -1 -1;-1 -1 0 2 -1;0 0 0 0 2;-1 -1 -1 -1 0
2025,41,0 2 0 0 0;-1 0 0 -1 -1;-1 -1 0 2 -1;0 0 0 0 2;1 1 1 1 0
2026,94,0 2 0 0 0;-1 0 0 -1 -1;-1 -1 0 2 -1;1 1 1 0 4;-1 -1 -1 -1 0
2027,196,0 2 0 0 0;-1 0 0 -1 -1;0 0 0 0 0;-1 -1 -1 0 -1;-1 -1 -1 -1 0
2028,396,0 2 0 0 0;-1 0 0 -1 -1;0 0 0 0 0;-1 -1 -1 0 0;-1 -1 -1 -1 0
2029,193,0 2 0 0 0;-1 0 0 -1 -1;0 0 0 0 0;0 0 0 0 0;0 0 0 0 0
2030,40,0 2 0 0 0;-1 0 0 -1 -1;0 0 0 0 0;0 0 0 0 2;-1 -1 -1 -1 0
2031,126,0 2 0 0 0;-1 0 0 -1 -1;0 0 0 2 0;-1 -1 -1 0 -1;-1 -1 -1 -1 0
2032,120,0 2 0 0 0;-1 0 0 -1 -1;0 0 0 2 0;-1 -1 -1 0 -1;0 0 0 0 0
2033,123,0 2 0 0 0;-1 0 0 -1 -1;0 0 0 2 0;-1 -1 -1 0 -1;1 1 1 1 0
2034,44,0 2 0 0 0;-1 0 0 -1 -1;0 0 0 2 0;-1 -1 -1 0 0;-1 -1 -1 -1 0
2035,141,0 2 0 0 0;-1 0 0 -1 -1;0 0 0 2 0;-1 -1 -1 0 0;0 0 0 0 0
2036,181,0 2 0 0 0;-1 0 0 -1 -1;0 0 0 2 0;-1 -1 -1 0 0;1 1 1 1 0
2037,684,0 2 0 0 0;-1 0 0 -1 -1;1 1 0 4 1;-1 -1 -1 0 -1;-1 -1 -1 -1 0
2038,64,0 2 0 0 0;-1 0 0 -1 -1;1 1 0 4 1;-1 -1 -1 0 0;-1 -1 -1 -1 0
2039,140,0 2 0 0 0;-1 0 0 -1 -1;1 1 0 4 1;-1 -1 -1 0 0;1 1 1 1 0
2040,104,0 2 0 0 0;-1 0 0 -1 -1;1 1 0 4 1;-1 -1 -1 0 2;0 0 0 0 0
2041,100,0 2 0 0 0;-1 0 0 -1 -1;1 1 0 4 1;1 1 1 0 4;-1 -1 -1 -1 0
2042,54,0 2 0 0 0;-1 0 2 -1 -1;-1 -1 0 0 -1;-1 -1 -1 0 -1;-1 -1 -1 -1 0
2043,54,0 2 0 0 0;-1 0 2 -1 -1;-1 -1 0 0 -1;-1 -1 -1 0 -1;0 0 0 0 0
2044,250,0 2 0 0 0;-1 0 2 -1 -1;-1 -1 0 0 -1;-1 -1 -1 0 0;0 0 0 0 0
2045,192,0 2 0 0 0;-1 0 2 -1 -1;-1 -1 0 0 -1;-1 -1 -1 0 0;1 1 1 1 0
2046,143,0 2 0 0 0;-1 0 2 -1 -1;-1 -1 0 0 -1;-1 -1 -1 0 2;-1 -1 -1 -1 0
2047,124,0 2 0 0 0;-1 0 2 -1 -1;-1 -1 0 0 -1;-1 -1 -1 0 2;0 0 0 0 0
2048,193,0 2 0 0 0;-1 0 2 -1 -1;-1 -1 0 0 -1;-1 -1 -1 0 2;1 1 1 1 0
2049,250,0 2 0 0 0;-1 0 2 -1 -1;-1 -1 0 0 -1;0 0 0 0 0;-1 -1 -1 -1 0
2050,58,0 2 0 0 0;-1 0 2 -1 -1;-1 -1 0 0 -1;0 0 0 0 2;-1 -1 -1 -1 0
2051,195,0 2 0 0 0;-1 0 2 -1 -1;-1 -1 0 0 -1;1 1 1 0 4;-1 -1 -1 -1 0
2052,63,0 2 0 0 0;-1 0 2 -1 -1;-1 -1 0 2 -1;-1 -1 -1 0 0;-1 -1 -1 -1 0
2053,63,0 2 0 0 0;-1 0 2 -1 -1;-1 -1 0 2 -1;-1 -1 -1 0 0;0 0 0 0 0
2054,196,0 2 0 0 0;-1 0 2 -1 -1;-1 -1 0 2 -1;-1 -1 -1 0 0;1 1 1 1 0
2055,17,0 2 0 0 0;-1 0 2 -1 -1;-1 -1 0 2 -1;-1 -1 -1 0 2;-1 -1 -1 -1 0
2056,63,0 2 0 0 0;-1 0 2 -1 -1;-1 -1 0 2 -1;0 0 0 0 0;-1 -1 -1 -1 0
2057,17,0 2 0 0 0;-1 0 2 -1 -1;-1 -1 0 2 -1;0 0 0 0 2;-1 -1 -1 -1 0
2058,14,0 2 0 0 0;-1 0 2 -1 -1;-1 -1 0 2 -1;1 1 1 0 4;-1 -1 -1 -1 0
2059,144,0 2 0 0 0;-1 0 2 -1 -1;0 0 0 0 0;-1 -1 -1 0 -1;-1 -1 -1 -1 0
2060,250,0 2 0 0 0;-1 0 2 -1 -1;0 0 0 0 0;-1 -1 -1 0 0;-1 -1 -1 -1 0
2061,83,0 2 0 0 0;-1 0 2 -1 -1;0 0 0 0 0;-1 -1 -1 0 2;-1 -1 -1 -1 0
2062,51,0 2 0 0 0;-1 0 2 -1 -1;0 0 0 2 0;-1 -1 -1 0 -1;-1 -1 -1 -1 0
2063,128,0 2 0 0 0;-1 0 2 -1 -1;0 0 0 2 0;-1 -1 -1 0 -1;0 0 0 0 0
2064,51,0 2 0 0 0;-1 0 2 -1 -1;0 0 0 2 0;-1 -1 -1 0 0;-1 -1 -1 -1 0
2065,40,0 2 0 0 0;-1 0 2 -1 -1;0 0 0 2 0;-1 -1 -1 0 0;1 1 1 1 0
2066,14,0 2 0 0 0;-1 0 2 -1 -1;0 0 0 2 0;1 1 1 0 4;-1 -1 -1 -1 0
2067,142,0 2 0 0 0;-1 0 2 -1 -1;1 1 0 4 1;-1 -1 -1 0 -1;0 0 0 0 0
2068,151,0 2 0 0 0;-1 0 2 -1 -1;1 1 0 4 1;-1 -1 -1 0 0;-1 -1 -1 -1 0
2069,15,0 2 0 0 0;-1 0 2 -1 -1;1 1 0 4 1;-1 -1 -1 0 2;-1 -1 -1 -1 0
2070,196,0 2 0 0 0;0 0 0 0 0;-1 -1 0 -1 -1;-1 -1 -1 0 -1;-1 -1 -1 -1 0
2071,148,0 2 0 0 0;0 0 0 0 0;-1 -1 0 -1 -1;-1 -1 -1 0 -1;1 1 1 1 0
2072,26,0 2 0 0 0;0 0 0 0 0;-1 -1 0 -1 -1;-1 -1 -1 0 0;-1 -1 -1 -1 0
2073,185,0 2 0 0 0;0 0 0 0 0;-1 -1 0 -1 -1;-1 -1 -1 0 2;-1 -1 -1 -1 0
2074,196,0 2 0 0 0;0 0 0 0 0;-1 -1 0 -1 -1;0 0 0 0 0;0 0 0 0 0
2075,194,0 2 0 0 0;0 0 0 0 0;-1 -1 0 -1 -1;0 0 0 0 2;0 0 0 0 0
2076,182,0 2 0 0 0;0 0 0 0 0;-1 -1 0 -1 -1;1 1 1 0 4;-1 -1 -1 -1 0
2077,38,0 2 0 0 0;0 0 0 0 0;-1 -1 0 0 -1;-1 -1 -1 0 -1;-1 -1 -1 -1 0
2078,196,0 2 0 0 0;0 0 0 0 0;-1 -1 0 0 -1;-1 -1 -1 0 0;-1 -1 -1 -1 0
2079,125,0 2 0 0 0;0 0 0 0 0;-1 -1 0 0 -1;-1 -1 -1 0 2;-1 -1 -1 -1 0
2080,175,0 2 0 0 0;0 0 0 0 0;-1 -1 0 0 -1;0 0 0 0 2;-1 -1 -1 -1 0
2081,252,0 2 0 0 0;0 0 0 0 0;-1 -1 0 2 -1;-1 -1 -1 0 0;-1 -1 -1 -1 0
2082,259,0 2 0 0 0;0 0 0 0 0;-1 -1 0 2 -1;-1 -1 -1 0 2;-1 -1 -1 -1 0
2083,74,0 2 0 0 0;0 0 0 0 0;0 0 0 0 0;-1 -1 -1 0 0;-1 -1 -1 -1 0
2084,196,0 2 0 0 0;0 0 0 0 0;0 0 0 0 0;0 0 0 0 0;-1 -1 -1 -1 0
2085,145,0 2 0 0 0;0 0 0 0 0;0 0 0 2 0;-1 -1 -1 0 -1;-1 -1 -1 -1 0
2086,147,0 2 0 0 0;0 0 0 0 0;0 0 0 2 0;-1 -1 -1 0 0;-1 -1 -1 -1 0
2087,127,0 2 0 0 0;0 0 0 0 0;0 0 0 2 0;0 0 0 0 0;-1 -1 -1 -1 0
2088,183,0 2 0 0 0;0 0 0 0 0;1 1 0 4 1;-1 -1 -1 0 0;-1 -1 -1 -1 0
2089,195,0 2 0 0 0;0 0 2 0 0;-1 -1 0 -1 -1;-1 -1 -1 0 0;-1 -1 -1 -1 0
2090,250,0 2 0 0 0;0 0 2 0 0;-1 -1 0 -1 -1;0 0 0 0 0;0 0 0 0 0
2091,52,0 2 0 0 0;0 0 2 0 0;-1 -1 0 0 -1;-1 -1 -1 0 -1;-1 -1 -1 -1 0
2092,51,0 2 0 0 0;0 0 2 0 0;-1 -1 0 2 -1;-1 -1 -1 0 -1;-1 -1 -1 -1 0
2093,51,0 2 0 0 0;0 0 2 0 0;-1 -1 0 2 -1;-1 -1 -1 0 0;-1 -1 -1 -1 0
2094,17,0 2 0 0 0;0 0 2 0 0;-1 -1 0 2 -1;-1 -1 -1 0 2;-1 -1 -1 -1 0
2095,160,0 2 0 0 0;0 0 2 0 0;0 0 0 2 0;-1 -1 -1 0 -1;-1 -1 -1 -1 0
2096,569,0 2 0 0 0;1 0 4 1 1;-1 -1 0 -1 -1;-1 -1 -1 0 -1;-1 -1 -1 -1 0
2097,153,0 2 0 0 0;1 0 4 1 1;-1 -1 0 -1 -1;-1 -1 -1 0 0;-1 -1 -1 -1 0
2098,89,0 2 0 0 0;1 0 4 1 1;-1 -1 0 -1 -1;-1 -1 -1 0 2;-1 -1 -1 -1 0
2099,197,0 2 0 0 0;1 0 4 1 1;-1 -1 0 -1 -1;-1 -1 -1 0 2;0 0 0 0 0
2100,107,0 2 0 0 0;1 0 4 1 1;-1 -1 0 0 -1;-1 -1 -1 0 -1;-1 -1 -1 -1 0
2101,29,0 2 0 0 0;1 0 4 1 1;-1 -1 0 0 -1;-1 -1 -1 0 0;-1 -1 -1 -1 0
2102,140,0 2 0 0 0;1 0 4 1 1;-1 -1 0 0 -1;-1 -1 -1 0 0;1 1 1 1 0
2103,193,0 2 0 0 0;1 0 4 1 1;-1 -1 0 0 -1;-1 -1 -1 0 2;-1 -1 -1 -1 0
2104,89,0 2 0 0 0;1 0 4 1 1;-1 -1 0 0 -1;-1 -1 -1 0 2;0 0 0 0 0
2105,204,0 2 0 0 0;1 0 4 1 1;-1 -1 0 0 -1;0 0 0 0 2;-1 -1 -1 -1 0
2106,188,0 2 0 0 0;1 0 4 1 1;-1 -1 0 0 -1;1 1 1 0 4;-1 -1 -1 -1 0
2107,443,0 2 0 0 0;1 0 4 1 1;-1 -1 0 2 -1;-1 -1 -1 0 0;-1 -1 -1 -1 0
2108,16,0 2 0 0 0;1 0 4 1 1;-1 -1 0 2 -1;-1 -1 -1 0 2;-1 -1 -1 -1 0
2109,198,0 2 0 0 0;1 0 4 1 1;-1 -1 0 2 -1;0 0 0 0 0;-1 -1 -1 -1 0
2110,16,0 2 0 0 0;1 0 4 1 1;-1 -1 0 2 -1;0 0 0 0 2;-1 -1 -1 -1 0
2111,214,0 2 0 0 0;1 0 4 1 1;1 1 0 4 1;-1 -1 -1 0 -1;-1 -1 -1 -1 0
2112,137,0 2 0 0 0;1 0 4 1 1;1 1 0 4 1;-1 -1 -1 0 0;-1 -1 -1 -1 0
2113,225,0 2 1 1 1;-1 0 -1 -1 -1;-1 -1 0 -1 -1;-1 -1 -1 0 -1;-1 -1 -1 -1 0
2114,368,0 2 1 1 1;-1 0 -1 -1 -1;-1 -1 0 -1 -1;-1 -1 -1 0 -1;1 1 1 1 0
2115,197,0 2 1 1 1;-1 0 -1 -1 -1;-1 -1 0 -1 -1;-1 -1 -1 0 0;-1 -1 -1 -1 0
2116,150,0 2 1 1 1;-1 0 -1 -1 -1;-1 -1 0 -1 -1;-1 -1 -1 0 0;0 0 0 0 0
2117,198,0 2 1 1 1;-1 0 -1 -1 -1;-1 -1 0 -1 -1;-1 -1 -1 0 0;1 1 1 1 0
2118,570,0 2 1 1 1;-1 0 -1 -1 -1;-1 -1 0 -1 -1;-1 -1 -1 0 0;3 3 3 3 0
2119,41,0 2 1 1 1;-1 0 -1 -1 -1;-1 -1 0 -1 -1;-1 -1 -1 0 2;-1 -1 -1 -1 0
2120,143,0 2 1 1 1;-1 0 -1 -1 -1;-1 -1 0 -1 -1;-1 -1 -1 0 2;0 0 0 0 0
2121,571,0 2 1 1 1;-1 0 -1 -1 -1;-1 -1 0 -1 -1;-1 -1 -1 0 2;3 3 3 3 0
2122,339,0 2 1 1 1;-1 0 -1 -1 -1;-1 -1 0 -1 -1;1 1 1 0 1;-1 -1 -1 -1 0
2123,159,0 2 1 1 1;-1 0 -1 -1 -1;-1 -1 0 -1 -1;1 1 1 0 2;-1 -1 -1 -1 0
2124,572,0 2 1 1 1;-1 0 -1 -1 -1;-1 -1 0 -1 -1;3 3 3 0 6;-1 -1 -1 -1 0
2125,149,0 2 1 1 1;-1 0 -1 -1 -1;-1 -1 0 0 -1;-1 -1 -1 0 -1;1 1 1 1 0
2126,149,0 2 1 1 1;-1 0 -1 -1 -1;-1 -1 0 0 -1;-1 -1 -1 0 0;1 1 1 1 0
2127,144,0 2 1 1 1;-1 0 -1 -1 -1;-1 -1 0 0 -1;-1 -1 -1 0 2;0 0 0 0 0
2128,145,0 2 1 1 1;-1 0 -1 -1 -1;-1 -1 0 0 -1;-1 -1 -1 0 2;1 1 1 1 0
2129,200,0 2 1 1 1;-1 0 -1 -1 -1;-1 -1 0 0 -1;1 1 1 0 1;-1 -1 -1 -1 0
2130,159,0 2 1 1 1;-1 0 -1 -1 -1;-1 -1 0 0 -1;1 1 1 0 2;-1 -1 -1 -1 0
2131,448,0 2 1 1 1;-1 0 -1 -1 -1;-1 -1 0 2 -1;-1 -1 -1 0 -1;1 1 1 1 0
2132,156,0 2 1 1 1;-1 0 -1 -1 -1;-1 -1 0 2 -1;-1 -1 -1 0 0;1 1 1 1 0
2133,154,0 2 1 1 1;-1 0 -1 -1 -1;0 0 0 0 0;-1 -1 -1 0 2;-1 -1 -1 -1 0
2134,129,0 2 1 1 1;-1 0 -1 -1 -1;1 1 0 1 1;-1 -1 -1 0 0;-1 -1 -1 -1 0
2135,139,0 2 1 1 1;-1 0 -1 -1 -1;1 1 0 2 1;-1 -1 -1 0 -1;-1 -1 -1 -1 0
2136,199,0 2 1 1 1;-1 0 0 -1 -1;-1 -1 0 0 -1;1 1 1 0 2;-1 -1 -1 -1 0
2137,178,0 2 1 1 1;-1 0 0 -1 -1;1 1 0 1 1;-1 -1 -1 0 -1;-1 -1 -1 -1 0
2138,573,0 2 1 1 1;-1 0 2 -1 -1;-1 -1 0 -1 -1;1 1 1 0 2;-1 -1 -1 -1 0
2139,179,0 2 1 1 1;-1 0 2 -1 -1;-1 -1 0 0 -1;1 1 1 0 2;-1 -1 -1 -1 0
2140,162,0 2 1 1 1;0 0 0 0 0;-1 -1 0 -1 -1;-1 -1 -1 0 -1;-1 -1 -1 -1 0
2141,151,0 2 1 1 1;1 0 1 1 1;-1 -1 0 -1 -1;-1 -1 -1 0 0;-1 -1 -1 -1 0
2142,8,0 2 2 2 2;-1 0 -1 -1 -1;-1 -1 0 -1 -1;-1 -1 -1 0 -1;-1 -1 -1 -1 0
2143,86,0 2 2 2 2;-1 0 -1 -1 -1;-1 -1 0 -1 -1;-1 -1 -1 0 -1;0 0 0 0 0
2144,1,0 2 2 2 2;-1 0 -1 -1 -1;-1 -1 0 -1 -1;-1 -1 -1 0 -1;1 1 1 1 0
2145,35,0 2 2 2 2;-1 0 -1 -1 -1;-1 -1 0 -1 -1;-1 -1 -1 0 -1;2 2 2 2 0
2146,574,0 2 2 2 2;-1 0 -1 -1 -1;-1 -1 0 -1 -1;-1 -1 -1 0 -1;3 3 3 3 0
2147,349,0 2 2 2 2;-1 0 -1 -1 -1;-1 -1 0 -1 -1;-1 -1 -1 0 -1;4 4 4 4 0
2148,8,0 2 2 2 2;-1 0 -1 -1 -1;-1 -1 0 -1 -1;-1 -1 -1 0 0;0 0 0 0 0
2149,86,0 2 2 2 2;-1 0 -1 -1 -1;-1 -1 0 -1 -1;0 0 0 0 0;-1 -1 -1 -1 0
2150,9,0 2 2 2 2;-1 0 -1 -1 -1;-1 -1 0 -1 -1;1 1 1 0 1;-1 -1 -1 -1 0
2151,58,0 2 2 2 2;-1 0 -1 -1 -1;-1 -1 0 -1 -1;1 1 1 0 1;1 1 1 1 0
2152,29,0 2 2 2 2;-1 0 -1 -1 -1;-1 -1 0 -1 -1;2 2 2 0 2;-1 -1 -1 -1 0
2153,575,0 2 2 2 2;-1 0 -1 -1 -1;-1 -1 0 -1 -1;3 3 3 0 3;-1 -1 -1 -1 0
2154,323,0 2 2 2 2;-1 0 -1 -1 -1;-1 -1 0 -1 -1;4 4 4 0 4;-1 -1 -1 -1 0
2155,9,0 2 2 2 2;-1 0 -1 -1 -1;-1 -1 0 0 -1;1 1 1 0 1;-1 -1 -1 -1 0
2156,86,0 2 2 2 2;-1 0 -1 -1 -1;0 0 0 0 0;-1 -1 -1 0 -1;-1 -1 -1 -1 0
2157,2,0 2 2 2 2;-1 0 -1 -1 -1;1 1 0 1 1;-1 -1 -1 0 -1;-1 -1 -1 -1 0
2158,43,0 2 2 2 2;-1 0 -1 -1 -1;1 1 0 1 1;-1 -1 -1 0 -1;1 1 1 1 0
2159,51,0 2 2 2 2;-1 0 -1 -1 -1;1 1 0 1 1;1 1 1 0 1;-1 -1 -1 -1 0
2160,38,0 2 2 2 2;-1 0 -1 -1 -1;2 2 0 2 2;-1 -1 -1 0 -1;-1 -1 -1 -1 0
2161,576,0 2 2 2 2;-1 0 -1 -1 -1;3 3 0 3 3;-1 -1 -1 0 -1;-1 -1 -1 -1 0
2162,376,0 2 2 2 2;-1 0 -1 -1 -1;4 4 0 4 4;-1 -1 -1 0 -1;-1 -1 -1 -1 0
2163,86,0 2 2 2 2;0 0 0 0 0;-1 -1 0 -1 -1;-1 -1 -1 0 -1;-1 -1 -1 -1 0
2164,3,0 2 2 2 2;1 0 1 1 1;-1 -1 0 -1 -1;-1 -1 -1 0 -1;-1 -1 -1 -1 0
2165,52,0 2 2 2 2;1 0 1 1 1;-1 -1 0 -1 -1;-1 -1 -1 0 -1;1 1 1 1 0
2166,44,0 2 2 2 2;1 0 1 1 1;-1 -1 0 -1 -1;1 1 1 0 1;-1 -1 -1 -1 0
2167,59,0 2 2 2 2;1 0 1 1 1;1 1 0 1 1;-1 -1 -1 0 -1;-1 -1 -1 -1 0
2168,40,0 2 2 2 2;2 0 2 2 2;-1 -1 0 -1 -1;-1 -1 -1 0 -1;-1 -1 -1 -1 0
2169,577,0 2 2 2 2;2 0 3 2 2;-1 -1 0 -1 -1;-1 -1 -1 0 -1;-1 -1 -1 -1 0
2170,578,0 2 2 2 2;3 0 3 3 3;-1 -1 0 -1 -1;-1 -1 -1 0 -1;-1 -1 -1 -1 0
2171,350,0 2 2 2 2;4 0 4 4 4;-1 -1 0 -1 -1;-1 -1 -1 0 -1;-1 -1 -1 -1 0
2172,579,0 2 3 2 3;-1 0 -1 -1 -1;-1 -1 0 -1 -1;2 2 2 0 3;-1 -1 -1 -1 0
2173,580,0 2 3 2 3;2 0 3 2 2;-1 -1 0 -1 -1;-1 -1 -1 0 -1;-1 -1 -1 -1 0
2174,305,0 2 5 2 5;-1 0 -1 -1 -1;-1 -1 0 -1 -1;-1 -1 -1 0 -1;-1 -1 -1 -1 0
2175,305,0 2 5 2 5;-1 0 -1 -1 -1;-1 -1 0 -1 -1;-1 -1 -1 0 -1;0 0 0 0 0
2176,581,0 2 5 2 5;-1 0 -1 -1 -1;-1 -1 0 -1 -1;-1 -1 -1 0 -1;1 1 1 1 0
2177,148,0 2 5 2 5;-1 0 -1 -1 -1;-1 -1 0 -1 -1;-1 -1 -1 0 -1;2 2 2 2 0
2178,351,0 2 5 2 5;-1 0 -1 -1 -1;-1 -1 0 -1 -1;-1 -1 -1 0 -1;4 4 4 4 0
2179,582,0 2 5 2 5;-1 0 -1 -1 -1;-1 -1 0 -1 -1;-1 -1 -1 0 1;-1 -1 -1 -1 0
2180,138,0 2 5 2 5;-1 0 -1 -1 -1;-1 -1 0 -1 -1;-1 -1 -1 0 1;0 0 0 0 0
2181,583,0 2 5 2 5;-1 0 -1 -1 -1;-1 -1 0 -1 -1;-1 -1 -1 0 1;2 2 2 2 0
2182,197,0 2 5 2 5;-1 0 -1 -1 -1;-1 -1 0 -1 -1;0 0 0 0 3;-1 -1 -1 -1 0
2183,324,0 2 5 2 5;-1 0 -1 -1 -1;-1 -1 0 -1 -1;2 2 2 0 5;-1 -1 -1 -1 0
2184,584,0 2 5 2 5;-1 0 -1 -1 -1;-1 -1 0 -1 -1;4 4 4 0 7;-1 -1 -1 -1 0
2185,305,0 2 5 2 5;-1 0 -1 -1 -1;0 0 0 0 0;-1 -1 -1 0 -1;-1 -1 -1 -1 0
2186,138,0 2 5 2 5;-1 0 -1 -1 -1;0 0 0 0 0;-1 -1 -1 0 1;-1 -1 -1 -1 0
2187,585,0 2 5 2 5;-1 0 -1 -1 -1;1 1 0 1 1;-1 -1 -1 0 -1;-1 -1 -1 -1 0
2188,135,0 2 5 2 5;-1 0 -1 -1 -1;2 2 0 2 2;-1 -1 -1 0 -1;-1 -1 -1 -1 0
2189,586,0 2 5 2 5;-1 0 -1 -1 -1;2 2 0 2 2;-1 -1 -1 0 1;-1 -1 -1 -1 0
2190,377,0 2 5 2 5;-1 0 -1 -1 -1;4 4 0 4 4;-1 -1 -1 0 -1;-1 -1 -1 -1 0
2191,587,0 2 5 2 5;-1 0 1 -1 -1;-1 -1 0 -1 -1;-1 -1 -1 0 -1;-1 -1 -1 -1 0
2192,141,0 2 5 2 5;-1 0 1 -1 -1;-1 -1 0 -1 -1;-1 -1 -1 0 -1;0 0 0 0 0
2193,588,0 2 5 2 5;-1 0 1 -1 -1;-1 -1 0 -1 -1;-1 -1 -1 0 -1;2 2 2 2 0
2194,110,0 2 5 2 5;-1 0 1 -1 -1;-1 -1 0 -1 -1;-1 -1 -1 0 1;-1 -1 -1 -1 0
2195,110,0 2 5 2 5;-1 0 1 -1 -1;-1 -1 0 -1 -1;-1 -1 -1 0 1;0 0 0 0 0
2196,64,0 2 5 2 5;-1 0 1 -1 -1;-1 -1 0 -1 -1;-1 -1 -1 0 1;2 2 2 2 0
2197,117,0 2 5 2 5;-1 0 1 -1 -1;-1 -1 0 -1 -1;0 0 0 0 3;-1 -1 -1 -1 0
2198,154,0 2 5 2 5;-1 0 1 -1 -1;-1 -1 0 -1 -1;2 2 2 0 5;-1 -1 -1 -1 0
2199,141,0 2 5 2 5;-1 0 1 -1 -1;0 0 0 0 0;-1 -1 -1 0 -1;-1 -1 -1 -1 0
2200,110,0 2 5 2 5;-1 0 1 -1 -1;0 0 0 0 0;-1 -1 -1 0 1;-1 -1 -1 -1 0
2201,589,0 2 5 2 5;-1 0 1 -1 -1;2 2 0 2 2;-1 -1 -1 0 -1;-1 -1 -1 -1 0
2202,68,0 2 5 2 5;-1 0 1 -1 -1;2 2 0 2 2;-1 -1 -1 0 1;-1 -1 -1 -1 0
2203,305,0 2 5 2 5;0 0 0 0 0;-1 -1 0 -1 -1;0 0 0 0 0;0 0 0 0 0
2204,305,0 2 5 2 5;0 0 0 0 0;0 0 0 0 0;0 0 0 0 0;-1 -1 -1 -1 0
2205,180,0 2 5 2 5;0 0 3 0 0;-1 -1 0 -1 -1;-1 -1 -1 0 -1;-1 -1 -1 -1 0
2206,149,0 2 5 2 5;0 0 3 0 0;-1 -1 0 -1 -1;-1 -1 -1 0 1;-1 -1 -1 -1 0
2207,352,0 2 5 2 5;2 0 5 2 2;-1 -1 0 -1 -1;-1 -1 -1 0 -1;-1 -1 -1 -1 0
2208,211,0 2 5 2 5;2 0 5 2 2;-1 -1 0 -1 -1;-1 -1 -1 0 1;-1 -1 -1 -1 0
2209,590,0 2 5 2 5;4 0 7 4 4;-1 -1 0 -1 -1;-1 -1 -1 0 -1;-1 -1 -1 -1 0
2210,230,0 3 0 0 0;-1 0 -1 -1 -1;-1 -1 0 -1 -1;-1 -1 -1 0 -1;-1 -1 -1 -1 0
2211,207,0 3 0 0 0;-1 0 -1 -1 -1;-1 -1 0 -1 -1;-1 -1 -1 0 1;-1 -1 -1 -1 0
2212,207,0 3 0 0 0;-1 0 -1 -1 -1;-1 -1 0 -1 -1;-1 -1 -1 0 1;0 0 0 0 0
2213,207,0 3 0 0 0;-1 0 -1 -1 -1;-1 -1 0 -1 -1;0 0 0 0 1;0 0 0 0 0
2214,144,0 3 0 0 0;-1 0 -1 -1 -1;-1 -1 0 -1 -1;0 0 0 0 3;-1 -1 -1 -1 0
2215,144,0 3 0 0 0;-1 0 -1 -1 -1;-1 -1 0 -1 -1;0 0 0 0 3;0 0 0 0 0
2216,42,0 3 0 0 0;-1 0 -1 -1 -1;-1 -1 0 1 -1;-1 -1 -1 0 -1;-1 -1 -1 -1 0
2217,133,0 3 0 0 0;-1 0 -1 -1 -1;-1 -1 0 1 -1;-1 -1 -1 0 -1;0 0 0 0 0
2218,200,0 3 0 0 0;-1 0 -1 -1 -1;-1 -1 0 1 -1;-1 -1 -1 0 1;-1 -1 -1 -1 0
2219,205,0 3 0 0 0;-1 0 -1 -1 -1;-1 -1 0 1 -1;-1 -1 -1 0 1;0 0 0 0 0
2220,205,0 3 0 0 0;-1 0 -1 -1 -1;-1 -1 0 1 -1;0 0 0 0 1;0 0 0 0 0
2221,140,0 3 0 0 0;-1 0 -1 -1 -1;-1 -1 0 1 -1;0 0 0 0 3;-1 -1 -1 -1 0
2222,140,0 3 0 0 0;-1 0 -1 -1 -1;-1 -1 0 1 -1;0 0 0 0 3;0 0 0 0 0
2223,230,0 3 0 0 0;-1 0 -1 -1 -1;0 0 0 0 0;-1 -1 -1 0 -1;-1 -1 -1 -1 0
2224,185,0 3 0 0 0;-1 0 -1 -1 -1;0 0 0 0 0;-1 -1 -1 0 1;-1 -1 -1 -1 0
2225,89,0 3 0 0 0;-1 0 -1 -1 -1;0 0 0 0 0;0 0 0 0 1;-1 -1 -1 -1 0
2226,89,0 3 0 0 0;-1 0 -1 -1 -1;0 0 0 0 0;0 0 0 0 1;0 0 0 0 0
2227,133,0 3 0 0 0;-1 0 -1 -1 -1;0 0 0 1 0;-1 -1 -1 0 -1;-1 -1 -1 -1 0
2228,133,0 3 0 0 0;-1 0 -1 -1 -1;0 0 0 1 0;-1 -1 -1 0 -1;0 0 0 0 0
2229,52,0 3 0 0 0;-1 0 -1 -1 -1;0 0 0 1 0;-1 -1 -1 0 1;-1 -1 -1 -1 0
2230,205,0 3 0 0 0;-1 0 -1 -1 -1;0 0 0 1 0;-1 -1 -1 0 1;0 0 0 0 0
2231,133,0 3 0 0 0;-1 0 -1 -1 -1;0 0 0 1 0;0 0 0 0 0;0 0 0 0 0
2232,52,0 3 0 0 0;-1 0 -1 -1 -1;0 0 0 1 0;0 0 0 0 1;-1 -1 -1 -1 0
2233,417,0 3 0 0 0;-1 0 -1 -1 -1;0 0 0 1 0;0 0 0 0 1;0 0 0 0 0
2234,140,0 3 0 0 0;-1 0 -1 -1 -1;0 0 0 1 0;0 0 0 0 3;-1 -1 -1 -1 0
2235,250,0 3 0 0 0;-1 0 -1 -1 -1;0 0 0 1 0;1 1 1 0 3;-1 -1 -1 -1 0
2236,201,0 3 0 0 0;-1 0 -1 -1 -1;0 0 0 1 0;2 2 2 0 5;-1 -1 -1 -1 0
2237,134,0 3 0 0 0;-1 0 -1 -1 -1;0 0 0 3 0;-1 -1 -1 0 -1;-1 -1 -1 -1 0
2238,385,0 3 0 0 0;-1 0 -1 -1 -1;0 0 0 3 0;-1 -1 -1 0 -1;0 0 0 0 0
2239,127,0 3 0 0 0;-1 0 -1 -1 -1;0 0 0 3 0;-1 -1 -1 0 1;-1 -1 -1 -1 0
2240,257,0 3 0 0 0;-1 0 -1 -1 -1;0 0 0 3 0;-1 -1 -1 0 1;0 0 0 0 0
2241,257,0 3 0 0 0;-1 0 -1 -1 -1;0 0 0 3 0;0 0 0 0 1;-1 -1 -1 -1 0
2242,241,0 3 0 0 0;-1 0 -1 -1 -1;0 0 0 3 0;0 0 0 0 3;-1 -1 -1 -1 0
2243,202,0 3 0 0 0;-1 0 -1 -1 -1;2 2 0 5 2;-1 -1 -1 0 -1;0 0 0 0 0
2244,169,0 3 0 0 0;-1 0 1 -1 -1;-1 -1 0 -1 -1;-1 -1 -1 0 1;-1 -1 -1 -1 0
2245,123,0 3 0 0 0;-1 0 1 -1 -1;-1 -1 0 -1 -1;-1 -1 -1 0 1;0 0 0 0 0
2246,123,0 3 0 0 0;-1 0 1 -1 -1;-1 -1 0 -1 -1;0 0 0 0 1;-1 -1 -1 -1 0
2247,123,0 3 0 0 0;-1 0 1 -1 -1;-1 -1 0 -1 -1;0 0 0 0 1;0 0 0 0 0
2248,310,0 3 0 0 0;-1 0 1 -1 -1;-1 -1 0 -1 -1;0 0 0 0 3;-1 -1 -1 -1 0
2249,129,0 3 0 0 0;-1 0 1 -1 -1;-1 -1 0 -1 -1;0 0 0 0 3;0 0 0 0 0
2250,272,0 3 0 0 0;-1 0 1 -1 -1;-1 -1 0 1 -1;-1 -1 -1 0 -1;-1 -1 -1 -1 0
2251,109,0 3 0 0 0;-1 0 1 -1 -1;-1 -1 0 1 -1;-1 -1 -1 0 -1;0 0 0 0 0
2252,134,0 3 0 0 0;-1 0 1 -1 -1;-1 -1 0 1 -1;-1 -1 -1 0 1;-1 -1 -1 -1 0
2253,95,0 3 0 0 0;-1 0 1 -1 -1;-1 -1 0 1 -1;-1 -1 -1 0 1;0 0 0 0 0
2254,203,0 3 0 0 0;-1 0 1 -1 -1;-1 -1 0 1 -1;-1 -1 -1 0 1;2 2 2 2 0
2255,146,0 3 0 0 0;-1 0 1 -1 -1;-1 -1 0 1 -1;0 0 0 0 0;0 0 0 0 0
2256,79,0 3 0 0 0;-1 0 1 -1 -1;-1 -1 0 1 -1;0 0 0 0 1;-1 -1 -1 -1 0
2257,99,0 3 0 0 0;-1 0 1 -1 -1;-1 -1 0 1 -1;0 0 0 0 1;0 0 0 0 0
2258,141,0 3 0 0 0;-1 0 1 -1 -1;-1 -1 0 1 -1;0 0 0 0 3;-1 -1 -1 -1 0
2259,115,0 3 0 0 0;-1 0 1 -1 -1;-1 -1 0 1 -1;0 0 0 0 3;0 0 0 0 0
2260,204,0 3 0 0 0;-1 0 1 -1 -1;-1 -1 0 1 -1;2 2 2 0 5;-1 -1 -1 -1 0
2261,154,0 3 0 0 0;-1 0 1 -1 -1;0 0 0 0 0;-1 -1 -1 0 -1;-1 -1 -1 -1 0
2262,669,0 3 0 0 0;-1 0 1 -1 -1;0 0 0 0 0;-1 -1 -1 0 1;-1 -1 -1 -1 0
2263,669,0 3 0 0 0;-1 0 1 -1 -1;0 0 0 0 0;-1 -1 -1 0 1;0 0 0 0 0
2264,152,0 3 0 0 0;-1 0 1 -1 -1;0 0 0 0 0;0 0 0 0 1;-1 -1 -1 -1 0
2265,120,0 3 0 0 0;-1 0 1 -1 -1;0 0 0 1 0;-1 -1 -1 0 -1;-1 -1 -1 -1 0
2266,136,0 3 0 0 0;-1 0 1 -1 -1;0 0 0 1 0;-1 -1 -1 0 -1;0 0 0 0 0
2267,43,0 3 0 0 0;-1 0 1 -1 -1;0 0 0 1 0;-1 -1 -1 0 1;-1 -1 -1 -1 0
2268,418,0 3 0 0 0;-1 0 1 -1 -1;0 0 0 1 0;-1 -1 -1 0 1;0 0 0 0 0
2269,178,0 3 0 0 0;-1 0 1 -1 -1;0 0 0 1 0;0 0 0 0 1;-1 -1 -1 -1 0
2270,148,0 3 0 0 0;-1 0 1 -1 -1;0 0 0 1 0;0 0 0 0 3;-1 -1 -1 -1 0
2271,106,0 3 0 0 0;-1 0 1 -1 -1;0 0 0 3 0;-1 -1 -1 0 -1;-1 -1 -1 -1 0
2272,106,0 3 0 0 0;-1 0 1 -1 -1;0 0 0 3 0;-1 -1 -1 0 -1;0 0 0 0 0
2273,54,0 3 0 0 0;-1 0 1 -1 -1;0 0 0 3 0;-1 -1 -1 0 1;-1 -1 -1 -1 0
2274,62,0 3 0 0 0;-1 0 1 -1 -1;0 0 0 3 0;-1 -1 -1 0 1;0 0 0 0 0
2275,26,0 3 0 0 0;-1 0 1 -1 -1;0 0 0 3 0;0 0 0 0 3;-1 -1 -1 -1 0
2276,26,0 3 0 0 0;-1 0 1 -1 -1;0 0 0 3 0;0 0 0 0 3;0 0 0 0 0
2277,251,0 3 0 0 0;-1 0 1 -1 -1;1 1 0 3 1;-1 -1 -1 0 -1;0 0 0 0 0
2278,205,0 3 0 0 0;-1 0 1 -1 -1;2 2 0 5 2;-1 -1 -1 0 1;-1 -1 -1 -1 0
2279,142,0 3 0 0 0;0 0 0 0 0;-1 -1 0 -1 -1;-1 -1 -1 0 -1;-1 -1 -1 -1 0
2280,207,0 3 0 0 0;0 0 0 0 0;-1 -1 0 -1 -1;-1 -1 -1 0 1;-1 -1 -1 -1 0
2281,252,0 3 0 0 0;0 0 1 0 0;-1 -1 0 -1 -1;-1 -1 -1 0 -1;-1 -1 -1 -1 0
2282,591,0 3 0 0 0;0 0 1 0 0;-1 -1 0 -1 -1;-1 -1 -1 0 -1;0 0 0 0 0
2283,180,0 3 0 0 0;0 0 1 0 0;-1 -1 0 -1 -1;-1 -1 -1 0 -1;2 2 2 2 0
2284,123,0 3 0 0 0;0 0 1 0 0;-1 -1 0 -1 -1;-1 -1 -1 0 1;-1 -1 -1 -1 0
2285,253,0 3 0 0 0;0 0 1 0 0;-1 -1 0 -1 -1;-1 -1 -1 0 1;1 1 1 1 0
2286,310,0 3 0 0 0;0 0 1 0 0;-1 -1 0 -1 -1;0 0 0 0 3;0 0 0 0 0
2287,146,0 3 0 0 0;0 0 1 0 0;-1 -1 0 1 -1;-1 -1 -1 0 -1;-1 -1 -1 -1 0
2288,109,0 3 0 0 0;0 0 1 0 0;-1 -1 0 1 -1;-1 -1 -1 0 -1;0 0 0 0 0
2289,151,0 3 0 0 0;0 0 1 0 0;-1 -1 0 1 -1;-1 -1 -1 0 1;-1 -1 -1 -1 0
2290,197,0 3 0 0 0;0 0 1 0 0;-1 -1 0 1 -1;-1 -1 -1 0 1;0 0 0 0 0
2291,420,0 3 0 0 0;0 0 1 0 0;-1 -1 0 1 -1;0 0 0 0 3;-1 -1 -1 -1 0
2292,186,0 3 0 0 0;0 0 1 0 0;-1 -1 0 1 -1;1 1 1 0 3;-1 -1 -1 -1 0
2293,120,0 3 0 0 0;0 0 1 0 0;0 0 0 1 0;-1 -1 -1 0 -1;-1 -1 -1 -1 0
2294,106,0 3 0 0 0;0 0 1 0 0;0 0 0 3 0;-1 -1 -1 0 -1;-1 -1 -1 -1 0
2295,54,0 3 0 0 0;0 0 1 0 0;0 0 0 3 0;-1 -1 -1 0 1;-1 -1 -1 -1 0
2296,62,0 3 0 0 0;0 0 1 0 0;0 0 0 3 0;0 0 0 0 1;-1 -1 -1 -1 0
2297,156,0 3 0 0 0;0 0 3 0 0;-1 -1 0 -1 -1;-1 -1 -1 0 -1;-1 -1 -1 -1 0
2298,592,0 3 0 0 0;0 0 3 0 0;-1 -1 0 -1 -1;-1 -1 -1 0 -1;0 0 0 0 0
2299,190,0 3 0 0 0;0 0 3 0 0;-1 -1 0 -1 -1;-1 -1 -1 0 1;-1 -1 -1 -1 0
2300,244,0 3 0 0 0;0 0 3 0 0;-1 -1 0 -1 -1;-1 -1 -1 0 1;0 0 0 0 0
2301,156,0 3 0 0 0;0 0 3 0 0;-1 -1 0 -1 -1;0 0 0 0 1;0 0 0 0 0
2302,593,0 3 0 0 0;0 0 3 0 0;-1 -1 0 -1 -1;0 0 0 0 3;-1 -1 -1 -1 0
2303,142,0 3 0 0 0;0 0 3 0 0;-1 -1 0 1 -1;-1 -1 -1 0 -1;-1 -1 -1 -1 0
2304,142,0 3 0 0 0;0 0 3 0 0;-1 -1 0 1 -1;-1 -1 -1 0 -1;0 0 0 0 0
2305,112,0 3 0 0 0;0 0 3 0 0;-1 -1 0 1 -1;-1 -1 -1 0 1;-1 -1 -1 -1 0
2306,55,0 3 0 0 0;0 0 3 0 0;-1 -1 0 1 -1;-1 -1 -1 0 1;0 0 0 0 0
2307,169,0 3 0 0 0;0 0 3 0 0;-1 -1 0 1 -1;0 0 0 0 1;-1 -1 -1 -1 0
2308,27,0 3 0 0 0;0 0 3 0 0;-1 -1 0 1 -1;0 0 0 0 3;-1 -1 -1 -1 0
2309,27,0 3 0 0 0;0 0 3 0 0;-1 -1 0 1 -1;0 0 0 0 3;0 0 0 0 0
2310,594,0 3 0 0 0;0 0 3 0 0;0 0 0 1 0;-1 -1 -1 0 -1;-1 -1 -1 -1 0
2311,386,0 3 0 0 0;0 0 3 0 0;0 0 0 3 0;-1 -1 -1 0 -1;-1 -1 -1 -1 0
2312,90,0 3 0 0 0;0 0 3 0 0;0 0 0 3 0;-1 -1 -1 0 1;-1 -1 -1 -1 0
2313,25,0 3 0 0 0;0 0 3 0 0;0 0 0 3 0;-1 -1 -1 0 1;0 0 0 0 0
2314,10,0 3 0 0 0;0 0 3 0 0;0 0 0 3 0;0 0 0 0 3;-1 -1 -1 -1 0
2315,10,0 3 0 0 0;0 0 3 0 0;0 0 0 3 0;0 0 0 0 3;0 0 0 0 0
2316,191,0 3 0 0 0;0 0 3 0 0;1 1 0 3 1;-1 -1 -1 0 -1;-1 -1 -1 -1 0
2317,595,0 3 0 0 0;2 0 5 2 2;-1 -1 0 1 -1;-1 -1 -1 0 1;-1 -1 -1 -1 0
2318,146,0 3 0 0 0;2 0 5 2 2;0 0 0 1 0;-1 -1 -1 0 -1;-1 -1 -1 -1 0
2319,301,0 3 1 1 1;-1 0 -1 -1 -1;-1 -1 0 -1 -1;-1 -1 -1 0 -1;-1 -1 -1 -1 0
2320,181,0 3 1 1 1;-1 0 -1 -1 -1;-1 -1 0 -1 -1;-1 -1 -1 0 -1;0 0 0 0 0
2321,353,0 3 1 1 1;-1 0 -1 -1 -1;-1 -1 0 -1 -1;-1 -1 -1 0 -1;1 1 1 1 0
2322,354,0 3 1 1 1;-1 0 -1 -1 -1;-1 -1 0 -1 -1;-1 -1 -1 0 -1;2 2 2 2 0
2323,80,0 3 1 1 1;-1 0 -1 -1 -1;-1 -1 0 -1 -1;-1 -1 -1 0 1;0 0 0 0 0
2324,187,0 3 1 1 1;-1 0 -1 -1 -1;-1 -1 0 -1 -1;-1 -1 -1 0 1;2 2 2 2 0
2325,157,0 3 1 1 1;-1 0 -1 -1 -1;-1 -1 0 -1 -1;0 0 0 0 3;-1 -1 -1 -1 0
2326,116,0 3 1 1 1;-1 0 -1 -1 -1;-1 -1 0 -1 -1;0 0 0 0 3;0 0 0 0 0
2327,188,0 3 1 1 1;-1 0 -1 -1 -1;-1 -1 0 -1 -1;0 0 0 0 3;2 2 2 2 0
2328,325,0 3 1 1 1;-1 0 -1 -1 -1;-1 -1 0 -1 -1;1 1 1 0 1;-1 -1 -1 -1 0
2329,149,0 3 1 1 1;-1 0 -1 -1 -1;-1 -1 0 -1 -1;1 1 1 0 3;-1 -1 -1 -1 0
2330,340,0 3 1 1 1;-1 0 -1 -1 -1;-1 -1 0 -1 -1;2 2 2 0 5;-1 -1 -1 -1 0
2331,201,0 3 1 1 1;-1 0 -1 -1 -1;-1 -1 0 -1 -1;2 2 2 0 5;0 0 0 0 0
2332,206,0 3 1 1 1;-1 0 -1 -1 -1;-1 -1 0 1 -1;0 0 0 0 3;0 0 0 0 0
2333,207,0 3 1 1 1;-1 0 -1 -1 -1;-1 -1 0 1 -1;1 1 1 0 3;0 0 0 0 0
2334,163,0 3 1 1 1;-1 0 -1 -1 -1;0 0 0 0 0;-1 -1 -1 0 -1;-1 -1 -1 -1 0
2335,158,0 3 1 1 1;-1 0 -1 -1 -1;0 0 0 0 0;0 0 0 0 3;-1 -1 -1 -1 0
2336,180,0 3 1 1 1;-1 0 -1 -1 -1;0 0 0 3 0;-1 -1 -1 0 -1;-1 -1 -1 -1 0
2337,215,0 3 1 1 1;-1 0 -1 -1 -1;0 0 0 3 0;-1 -1 -1 0 -1;0 0 0 0 0
2338,147,0 3 1 1 1;-1 0 -1 -1 -1;0 0 0 3 0;0 0 0 0 1;-1 -1 -1 -1 0
2339,208,0 3 1 1 1;-1 0 -1 -1 -1;0 0 0 3 0;0 0 0 0 1;0 0 0 0 0
2340,209,0 3 1 1 1;-1 0 -1 -1 -1;0 0 0 3 0;0 0 0 0 3;0 0 0 0 0
2341,198,0 3 1 1 1;-1 0 -1 -1 -1;1 1 0 3 1;-1 -1 -1 0 -1;-1 -1 -1 -1 0
2342,189,0 3 1 1 1;-1 0 -1 -1 -1;1 1 0 3 1;-1 -1 -1 0 -1;0 0 0 0 0
2343,159,0 3 1 1 1;-1 0 1 -1 -1;0 0 0 1 0;-1 -1 -1 0 1;-1 -1 -1 -1 0
2344,210,0 3 1 1 1;-1 0 1 -1 -1;0 0 0 3 0;0 0 0 0 1;-1 -1 -1 -1 0
2345,183,0 3 1 1 1;-1 0 1 -1 -1;1 1 0 3 1;-1 -1 -1 0 -1;0 0 0 0 0
2346,163,0 3 1 1 1;0 0 0 0 0;-1 -1 0 -1 -1;-1 -1 -1 0 -1;-1 -1 -1 -1 0
2347,154,0 3 1 1 1;0 0 1 0 0;-1 -1 0 -1 -1;-1 -1 -1 0 -1;-1 -1 -1 -1 0
2348,160,0 3 1 1 1;0 0 1 0 0;-1 -1 0 -1 -1;-1 -1 -1 0 1;-1 -1 -1 -1 0
2349,596,0 3 1 1 1;0 0 3 0 0;0 0 0 1 0;-1 -1 -1 0 -1;-1 -1 -1 -1 0
2350,211,0 3 1 1 1;0 0 3 0 0;0 0 0 1 0;-1 -1 -1 0 -1;0 0 0 0 0
2351,212,0 3 1 1 1;0 0 3 0 0;0 0 0 3 0;0 0 0 0 1;-1 -1 -1 -1 0
2352,124,0 3 1 1 1;1 0 1 1 1;-1 -1 0 -1 -1;-1 -1 -1 0 -1;-1 -1 -1 -1 0
2353,157,0 3 1 1 1;1 0 3 1 1;-1 -1 0 -1 -1;-1 -1 -1 0 -1;-1 -1 -1 -1 0
2354,670,0 3 2 2 2;-1 0 -1 -1 -1;-1 -1 0 -1 -1;-1 -1 -1 0 -1;-1 -1 -1 -1 0
2355,670,0 3 2 2 2;-1 0 -1 -1 -1;-1 -1 0 -1 -1;-1 -1 -1 0 -1;0 0 0 0 0
2356,597,0 3 2 2 2;-1 0 -1 -1 -1;-1 -1 0 -1 -1;-1 -1 -1 0 -1;2 2 2 2 0
2357,598,0 3 2 2 2;-1 0 -1 -1 -1;-1 -1 0 -1 -1;-1 -1 -1 0 1;0 0 0 0 0
2358,599,0 3 2 2 2;-1 0 -1 -1 -1;-1 -1 0 -1 -1;2 2 2 0 2;-1 -1 -1 -1 0
2359,600,0 3 2 2 2;-1 0 -1 -1 -1;-1 -1 0 -1 -1;2 2 2 0 3;-1 -1 -1 -1 0
2360,601,0 3 2 2 2;-1 0 -1 -1 -1;2 2 0 3 2;-1 -1 -1 0 -1;-1 -1 -1 -1 0
2361,602,0 3 2 2 2;1 0 1 1 1;-1 -1 0 -1 -1;-1 -1 -1 0 -1;-1 -1 -1 -1 0
2362,23,0 3 3 3 3;-1 0 -1 -1 -1;-1 -1 0 -1 -1;-1 -1 -1 0 -1;-1 -1 -1 -1 0
2363,23,0 3 3 3 3;-1 0 -1 -1 -1;-1 -1 0 -1 -1;-1 -1 -1 0 -1;0 0 0 0 0
2364,355,0 3 3 3 3;-1 0 -1 -1 -1;-1 -1 0 -1 -1;-1 -1 -1 0 -1;1 1 1 1 0
2365,229,0 3 3 3 3;-1 0 -1 -1 -1;-1 -1 0 -1 -1;-1 -1 -1 0 -1;2 2 2 2 0
2366,603,0 3 3 3 3;-1 0 -1 -1 -1;-1 -1 0 -1 -1;-1 -1 -1 0 -1;3 3 3 3 0
2367,604,0 3 3 3 3;-1 0 -1 -1 -1;-1 -1 0 -1 -1;-1 -1 -1 0 -1;5 5 5 5 0
2368,23,0 3 3 3 3;-1 0 -1 -1 -1;-1 -1 0 -1 -1;0 0 0 0 0;-1 -1 -1 -1 0
2369,23,0 3 3 3 3;-1 0 -1 -1 -1;-1 -1 0 -1 -1;0 0 0 0 0;0 0 0 0 0
2370,200,0 3 3 3 3;-1 0 -1 -1 -1;-1 -1 0 -1 -1;0 0 0 0 0;2 2 2 2 0
2371,326,0 3 3 3 3;-1 0 -1 -1 -1;-1 -1 0 -1 -1;1 1 1 0 1;-1 -1 -1 -1 0
2372,219,0 3 3 3 3;-1 0 -1 -1 -1;-1 -1 0 -1 -1;2 2 2 0 2;-1 -1 -1 -1 0
2373,203,0 3 3 3 3;-1 0 -1 -1 -1;-1 -1 0 -1 -1;2 2 2 0 2;0 0 0 0 0
2374,605,0 3 3 3 3;-1 0 -1 -1 -1;-1 -1 0 -1 -1;3 3 3 0 3;-1 -1 -1 -1 0
2375,606,0 3 3 3 3;-1 0 -1 -1 -1;-1 -1 0 -1 -1;5 5 5 0 5;-1 -1 -1 -1 0
2376,23,0 3 3 3 3;-1 0 -1 -1 -1;0 0 0 0 0;-1 -1 -1 0 -1;-1 -1 -1 -1 0
2377,23,0 3 3 3 3;-1 0 -1 -1 -1;0 0 0 0 0;-1 -1 -1 0 -1;0 0 0 0 0
2378,200,0 3 3 3 3;-1 0 -1 -1 -1;0 0 0 0 0;-1 -1 -1 0 -1;2 2 2 2 0
2379,23,0 3 3 3 3;-1 0 -1 -1 -1;0 0 0 0 0;0 0 0 0 0;-1 -1 -1 -1 0
2380,23,0 3 3 3 3;-1 0 -1 -1 -1;0 0 0 0 0;0 0 0 0 0;0 0 0 0 0
2381,203,0 3 3 3 3;-1 0 -1 -1 -1;0 0 0 0 0;2 2 2 0 2;-1 -1 -1 -1 0
2382,378,0 3 3 3 3;-1 0 -1 -1 -1;1 1 0 1 1;-1 -1 -1 0 -1;-1 -1 -1 -1 0
2383,221,0 3 3 3 3;-1 0 -1 -1 -1;2 2 0 2 2;-1 -1 -1 0 -1;-1 -1 -1 -1 0
2384,193,0 3 3 3 3;-1 0 -1 -1 -1;2 2 0 2 2;-1 -1 -1 0 -1;0 0 0 0 0
2385,193,0 3 3 3 3;-1 0 -1 -1 -1;2 2 0 2 2;0 0 0 0 0;-1 -1 -1 -1 0
2386,607,0 3 3 3 3;-1 0 -1 -1 -1;3 3 0 3 3;-1 -1 -1 0 -1;-1 -1 -1 -1 0
2387,608,0 3 3 3 3;-1 0 -1 -1 -1;5 5 0 5 5;-1 -1 -1 0 -1;-1 -1 -1 -1 0
2388,23,0 3 3 3 3;0 0 0 0 0;-1 -1 0 -1 -1;-1 -1 -1 0 -1;-1 -1 -1 -1 0
2389,23,0 3 3 3 3;0 0 0 0 0;-1 -1 0 -1 -1;-1 -1 -1 0 -1;0 0 0 0 0
2390,200,0 3 3 3 3;0 0 0 0 0;-1 -1 0 -1 -1;-1 -1 -1 0 -1;2 2 2 2 0
2391,23,0 3 3 3 3;0 0 0 0 0;-1 -1 0 -1 -1;0 0 0 0 0;-1 -1 -1 -1 0
2392,23,0 3 3 3 3;0 0 0 0 0;-1 -1 0 -1 -1;0 0 0 0 0;0 0 0 0 0
2393,203,0 3 3 3 3;0 0 0 0 0;-1 -1 0 -1 -1;2 2 2 0 2;-1 -1 -1 -1 0
2394,23,0 3 3 3 3;0 0 0 0 0;0 0 0 0 0;-1 -1 -1 0 -1;-1 -1 -1 -1 0
2395,23,0 3 3 3 3;0 0 0 0 0;0 0 0 0 0;-1 -1 -1 0 -1;0 0 0 0 0
2396,23,0 3 3 3 3;0 0 0 0 0;0 0 0 0 0;0 0 0 0 0;-1 -1 -1 -1 0
2397,23,0 3 3 3 3;0 0 0 0 0;0 0 0 0 0;0 0 0 0 0;0 0 0 0 0
2398,193,0 3 3 3 3;0 0 0 0 0;2 2 0 2 2;-1 -1 -1 0 -1;-1 -1 -1 -1 0
2399,356,0 3 3 3 3;1 0 1 1 1;-1 -1 0 -1 -1;-1 -1 -1 0 -1;-1 -1 -1 -1 0
2400,235,0 3 3 3 3;2 0 2 2 2;-1 -1 0 -1 -1;-1 -1 -1 0 -1;-1 -1 -1 -1 0
2401,208,0 3 3 3 3;2 0 2 2 2;-1 -1 0 -1 -1;-1 -1 -1 0 -1;0 0 0 0 0
2402,208,0 3 3 3 3;2 0 2 2 2;-1 -1 0 -1 -1;0 0 0 0 0;-1 -1 -1 -1 0
2403,208,0 3 3 3 3;2 0 2 2 2;0 0 0 0 0;-1 -1 -1 0 -1;-1 -1 -1 -1 0
2404,609,0 3 3 3 3;3 0 3 3 3;-1 -1 0 -1 -1;-1 -1 -1 0 -1;-1 -1 -1 -1 0
2405,610,0 3 3 3 3;5 0 5 5 5;-1 -1 0 -1 -1;-1 -1 -1 0 -1;-1 -1 -1 -1 0
2406,686,0 3 6 3 6;-1 0 -1 -1 -1;-1 -1 0 -1 -1;-1 -1 -1 0 -1;-1 -1 -1 -1 0
2407,130,0 3 6 3 6;-1 0 -1 -1 -1;-1 -1 0 -1 -1;-1 -1 -1 0 -1;1 1 1 1 0
2408,671,0 3 6 3 6;-1 0 -1 -1 -1;-1 -1 0 -1 -1;-1 -1 -1 0 -1;3 3 3 3 0
2409,611,0 3 6 3 6;-1 0 -1 -1 -1;-1 -1 0 -1 -1;-1 -1 -1 0 -1;5 5 5 5 0
2410,672,0 3 6 3 6;-1 0 -1 -1 -1;-1 -1 0 -1 -1;1 1 1 0 4;-1 -1 -1 -1 0
2411,612,0 3 6 3 6;-1 0 -1 -1 -1;-1 -1 0 -1 -1;3 3 3 0 6;-1 -1 -1 -1 0
2412,132,0 3 6 3 6;-1 0 -1 -1 -1;1 1 0 1 1;-1 -1 -1 0 -1;-1 -1 -1 -1 0
2413,673,0 3 6 3 6;-1 0 -1 -1 -1;3 3 0 3 3;-1 -1 -1 0 -1;-1 -1 -1 -1 0
2414,613,0 3 6 3 6;-1 0 -1 -1 -1;5 5 0 5 5;-1 -1 -1 0 -1;-1 -1 -1 -1 0
2415,686,0 3 6 3 6;-1 0 0 -1 -1;-1 -1 0 -1 -1;-1 -1 -1 0 0;-1 -1 -1 -1 0
2416,686,0 3 6 3 6;-1 0 0 -1 -1;-1 -1 0 -1 -1;-1 -1 -1 0 0;0 0 0 0 0
2417,671,0 3 6 3 6;-1 0 0 -1 -1;-1 -1 0 -1 -1;-1 -1 -1 0 0;3 3 3 3 0
2418,672,0 3 6 3 6;-1 0 0 -1 -1;-1 -1 0 -1 -1;1 1 1 0 4;-1 -1 -1 -1 0
2419,686,0 3 6 3 6;-1 0 0 -1 -1;0 0 0 0 0;-1 -1 -1 0 0;-1 -1 -1 -1 0
2420,673,0 3 6 3 6;-1 0 0 -1 -1;3 3 0 3 3;-1 -1 -1 0 0;-1 -1 -1 -1 0
2421,674,0 3 6 3 6;1 0 4 1 1;-1 -1 0 -1 -1;-1 -1 -1 0 -1;-1 -1 -1 -1 0
2422,674,0 3 6 3 6;1 0 4 1 1;-1 -1 0 -1 -1;-1 -1 -1 0 0;-1 -1 -1 -1 0
2423,614,0 3 6 3 6;3 0 6 3 3;-1 -1 0 -1 -1;-1 -1 -1 0 -1;-1 -1 -1 -1 0
2424,236,0 4 1 1 1;-1 0 -1 -1 -1;-1 -1 0 -1 -1;-1 -1 -1 0 -1;-1 -1 -1 -1 0
2425,203,0 4 1 1 1;-1 0 -1 -1 -1;-1 -1 0 -1 -1;-1 -1 -1 0 0;-1 -1 -1 -1 0
2426,164,0 4 1 1 1;-1 0 -1 -1 -1;-1 -1 0 -1 -1;-1 -1 -1 0 0;0 0 0 0 0
2427,216,0 4 1 1 1;-1 0 -1 -1 -1;-1 -1 0 -1 -1;-1 -1 -1 0 2;-1 -1 -1 -1 0
2428,236,0 4 1 1 1;-1 0 -1 -1 -1;-1 -1 0 -1 -1;0 0 0 0 0;0 0 0 0 0
2429,387,0 4 1 1 1;-1 0 -1 -1 -1;-1 -1 0 0 -1;-1 -1 -1 0 -1;-1 -1 -1 -1 0
2430,158,0 4 1 1 1;-1 0 -1 -1 -1;-1 -1 0 0 -1;-1 -1 -1 0 2;-1 -1 -1 -1 0
2431,675,0 4 1 1 1;-1 0 -1 -1 -1;-1 -1 0 0 -1;-1 -1 -1 0 2;0 0 0 0 0
2432,186,0 4 1 1 1;-1 0 -1 -1 -1;-1 -1 0 0 -1;0 0 0 0 0;-1 -1 -1 -1 0
2433,675,0 4 1 1 1;-1 0 -1 -1 -1;-1 -1 0 0 -1;0 0 0 0 2;-1 -1 -1 -1 0
2434,210,0 4 1 1 1;-1 0 -1 -1 -1;-1 -1 0 2 -1;-1 -1 -1 0 -1;-1 -1 -1 -1 0
2435,274,0 4 1 1 1;-1 0 -1 -1 -1;-1 -1 0 2 -1;-1 -1 -1 0 0;0 0 0 0 0
2436,218,0 4 1 1 1;-1 0 -1 -1 -1;-1 -1 0 2 -1;-1 -1 -1 0 2;-1 -1 -1 -1 0
2437,274,0 4 1 1 1;-1 0 -1 -1 -1;-1 -1 0 2 -1;0 0 0 0 0;-1 -1 -1 -1 0
2438,236,0 4 1 1 1;-1 0 -1 -1 -1;0 0 0 0 0;-1 -1 -1 0 -1;0 0 0 0 0
2439,391,0 4 1 1 1;-1 0 0 -1 -1;-1 -1 0 -1 -1;-1 -1 -1 0 -1;-1 -1 -1 -1 0
2440,133,0 4 1 1 1;-1 0 0 -1 -1;-1 -1 0 -1 -1;-1 -1 -1 0 0;0 0 0 0 0
2441,133,0 4 1 1 1;-1 0 0 -1 -1;-1 -1 0 0 -1;-1 -1 -1 0 0;-1 -1 -1 -1 0
2442,62,0 4 1 1 1;-1 0 0 -1 -1;-1 -1 0 0 -1;-1 -1 -1 0 0;1 1 1 1 0
2443,136,0 4 1 1 1;-1 0 0 -1 -1;-1 -1 0 0 -1;-1 -1 -1 0 2;0 0 0 0 0
2444,162,0 4 1 1 1;-1 0 0 -1 -1;-1 -1 0 0 -1;0 0 0 0 2;0 0 0 0 0
2445,47,0 4 1 1 1;-1 0 0 -1 -1;-1 -1 0 0 -1;1 1 1 0 4;-1 -1 -1 -1 0
2446,274,0 4 1 1 1;-1 0 0 -1 -1;-1 -1 0 2 -1;-1 -1 -1 0 -1;0 0 0 0 0
2447,274,0 4 1 1 1;-1 0 0 -1 -1;-1 -1 0 2 -1;-1 -1 -1 0 0;-1 -1 -1 -1 0
2448,274,0 4 1 1 1;-1 0 0 -1 -1;-1 -1 0 2 -1;-1 -1 -1 0 0;0 0 0 0 0
2449,615,0 4 1 1 1;-1 0 0 -1 -1;-1 -1 0 2 -1;-1 -1 -1 0 0;1 1 1 1 0
2450,270,0 4 1 1 1;-1 0 0 -1 -1;-1 -1 0 2 -1;-1 -1 -1 0 2;-1 -1 -1 -1 0
2451,616,0 4 1 1 1;-1 0 0 -1 -1;-1 -1 0 2 -1;-1 -1 -1 0 2;1 1 1 1 0
2452,112,0 4 1 1 1;-1 0 0 -1 -1;-1 -1 0 2 -1;0 0 0 0 2;-1 -1 -1 -1 0
2453,617,0 4 1 1 1;-1 0 0 -1 -1;-1 -1 0 2 -1;1 1 1 0 4;-1 -1 -1 -1 0
2454,158,0 4 1 1 1;-1 0 0 -1 -1;0 0 0 0 0;-1 -1 -1 0 0;-1 -1 -1 -1 0
2455,160,0 4 1 1 1;-1 0 0 -1 -1;0 0 0 0 0;-1 -1 -1 0 2;-1 -1 -1 -1 0
2456,274,0 4 1 1 1;-1 0 0 -1 -1;0 0 0 2 0;-1 -1 -1 0 -1;-1 -1 -1 -1 0
2457,113,0 4 1 1 1;-1 0 0 -1 -1;0 0 0 2 0;-1 -1 -1 0 2;-1 -1 -1 -1 0
2458,125,0 4 1 1 1;-1 0 0 -1 -1;1 1 0 4 1;-1 -1 -1 0 0;-1 -1 -1 -1 0
2459,618,0 4 1 1 1;-1 0 0 -1 -1;1 1 0 4 1;-1 -1 -1 0 2;-1 -1 -1 -1 0
2460,164,0 4 1 1 1;-1 0 2 -1 -1;-1 -1 0 0 -1;-1 -1 -1 0 0;0 0 0 0 0
2461,253,0 4 1 1 1;-1 0 2 -1 -1;-1 -1 0 0 -1;-1 -1 -1 0 2;-1 -1 -1 -1 0
2462,619,0 4 1 1 1;-1 0 2 -1 -1;-1 -1 0 0 -1;-1 -1 -1 0 2;1 1 1 1 0
2463,253,0 4 1 1 1;-1 0 2 -1 -1;-1 -1 0 0 -1;0 0 0 0 2;-1 -1 -1 -1 0
2464,620,0 4 1 1 1;-1 0 2 -1 -1;-1 -1 0 0 -1;1 1 1 0 4;-1 -1 -1 -1 0
2465,147,0 4 1 1 1;-1 0 2 -1 -1;-1 -1 0 2 -1;-1 -1 -1 0 0;-1 -1 -1 -1 0
2466,256,0 4 1 1 1;-1 0 2 -1 -1;-1 -1 0 2 -1;-1 -1 -1 0 0;0 0 0 0 0
2467,621,0 4 1 1 1;-1 0 2 -1 -1;-1 -1 0 2 -1;-1 -1 -1 0 0;1 1 1 1 0
2468,11,0 4 1 1 1;-1 0 2 -1 -1;-1 -1 0 2 -1;-1 -1 -1 0 2;-1 -1 -1 -1 0
2469,65,0 4 1 1 1;-1 0 2 -1 -1;-1 -1 0 2 -1;-1 -1 -1 0 2;1 1 1 1 0
2470,11,0 4 1 1 1;-1 0 2 -1 -1;-1 -1 0 2 -1;0 0 0 0 2;-1 -1 -1 -1 0
2471,57,0 4 1 1 1;-1 0 2 -1 -1;-1 -1 0 2 -1;1 1 1 0 4;-1 -1 -1 -1 0
2472,164,0 4 1 1 1;-1 0 2 -1 -1;0 0 0 0 0;-1 -1 -1 0 0;-1 -1 -1 -1 0
2473,159,0 4 1 1 1;-1 0 2 -1 -1;0 0 0 2 0;-1 -1 -1 0 -1;-1 -1 -1 -1 0
2474,60,0 4 1 1 1;-1 0 2 -1 -1;0 0 0 2 0;-1 -1 -1 0 0;-1 -1 -1 -1 0
2475,181,0 4 1 1 1;-1 0 2 -1 -1;0 0 0 2 0;0 0 0 0 0;-1 -1 -1 -1 0
2476,622,0 4 1 1 1;-1 0 2 -1 -1;1 1 0 4 1;-1 -1 -1 0 0;-1 -1 -1 -1 0
2477,69,0 4 1 1 1;-1 0 2 -1 -1;1 1 0 4 1;-1 -1 -1 0 2;-1 -1 -1 -1 0
2478,236,0 4 1 1 1;0 0 0 0 0;-1 -1 0 -1 -1;-1 -1 -1 0 -1;-1 -1 -1 -1 0
2479,164,0 4 1 1 1;0 0 0 0 0;-1 -1 0 -1 -1;-1 -1 -1 0 0;-1 -1 -1 -1 0
2480,186,0 4 1 1 1;0 0 0 0 0;-1 -1 0 0 -1;-1 -1 -1 0 -1;-1 -1 -1 -1 0
2481,219,0 4 1 1 1;0 0 0 0 0;-1 -1 0 0 -1;-1 -1 -1 0 0;-1 -1 -1 -1 0
2482,158,0 4 1 1 1;0 0 0 0 0;-1 -1 0 0 -1;-1 -1 -1 0 2;-1 -1 -1 -1 0
2483,228,0 4 1 1 1;0 0 0 0 0;-1 -1 0 2 -1;-1 -1 -1 0 0;-1 -1 -1 -1 0
2484,163,0 4 1 1 1;0 0 2 0 0;-1 -1 0 -1 -1;-1 -1 -1 0 0;-1 -1 -1 -1 0
2485,220,0 4 1 1 1;0 0 2 0 0;-1 -1 0 0 -1;-1 -1 -1 0 0;-1 -1 -1 -1 0
2486,229,0 4 1 1 1;0 0 2 0 0;-1 -1 0 0 -1;-1 -1 -1 0 2;-1 -1 -1 -1 0
2487,221,0 4 1 1 1;1 0 2 1 1;-1 -1 0 0 -1;-1 -1 -1 0 0;-1 -1 -1 -1 0
2488,114,0 4 1 1 1;1 0 4 1 1;-1 -1 0 0 -1;-1 -1 -1 0 0;-1 -1 -1 -1 0
2489,623,0 4 1 1 1;1 0 4 1 1;-1 -1 0 0 -1;-1 -1 -1 0 2;-1 -1 -1 -1 0
2490,624,0 4 1 1 1;1 0 4 1 1;-1 -1 0 2 -1;-1 -1 -1 0 0;-1 -1 -1 -1 0
2491,71,0 4 1 1 1;1 0 4 1 1;-1 -1 0 2 -1;-1 -1 -1 0 2;-1 -1 -1 -1 0
2492,311,0 4 2 2 2;-1 0 -1 -1 -1;-1 -1 0 -1 -1;-1 -1 -1 0 -1;-1 -1 -1 -1 0
2493,625,0 4 2 2 2;-1 0 -1 -1 -1;-1 -1 0 -1 -1;-1 -1 -1 0 -1;2 2 2 2 0
2494,676,0 4 2 2 2;-1 0 -1 -1 -1;-1 -1 0 -1 -1;-1 -1 -1 0 -1;3 3 3 3 0
2495,676,0 4 2 2 2;-1 0 -1 -1 -1;-1 -1 0 -1 -1;-1 -1 -1 0 0;3 3 3 3 0
2496,626,0 4 2 2 2;-1 0 -1 -1 -1;-1 -1 0 -1 -1;-1 -1 -1 0 2;3 3 3 3 0
2497,627,0 4 2 2 2;-1 0 -1 -1 -1;-1 -1 0 -1 -1;2 2 2 0 2;-1 -1 -1 -1 0
2498,628,0 4 2 2 2;-1 0 -1 -1 -1;-1 -1 0 -1 -1;3 3 3 0 6;-1 -1 -1 -1 0
2499,677,0 4 2 2 2;-1 0 -1 -1 -1;2 2 0 4 2;-1 -1 -1 0 -1;-1 -1 -1 -1 0
2500,230,0 4 2 2 2;-1 0 0 -1 -1;-1 -1 0 -1 -1;-1 -1 -1 0 -1;-1 -1 -1 -1 0
2501,677,0 4 2 2 2;-1 0 0 -1 -1;2 2 0 4 2;-1 -1 -1 0 -1;-1 -1 -1 -1 0
2502,311,0 4 2 2 2;0 0 0 0 0;-1 -1 0 -1 -1;-1 -1 -1 0 -1;-1 -1 -1 -1 0
2503,629,0 4 2 2 2;1 0 1 1 1;-1 -1 0 -1 -1;-1 -1 -1 0 -1;-1 -1 -1 -1 0
2504,630,0 4 2 2 2;1 0 2 1 1;-1 -1 0 -1 -1;-1 -1 -1 0 -1;-1 -1 -1 -1 0
2505,631,0 4 2 2 2;2 0 2 2 2;-1 -1 0 -1 -1;-1 -1 -1 0 -1;-1 -1 -1 -1 0
2506,4,0 4 4 4 4;-1 0 -1 -1 -1;-1 -1 0 -1 -1;-1 -1 -1 0 -1;-1 -1 -1 -1 0
2507,36,0 4 4 4 4;-1 0 -1 -1 -1;-1 -1 0 -1 -1;-1 -1 -1 0 -1;1 1 1 1 0
2508,357,0 4 4 4 4;-1 0 -1 -1 -1;-1 -1 0 -1 -1;-1 -1 -1 0 -1;2 2 2 2 0
2509,358,0 4 4 4 4;-1 0 -1 -1 -1;-1 -1 0 -1 -1;-1 -1 -1 0 -1;3 3 3 3 0
2510,30,0 4 4 4 4;-1 0 -1 -1 -1;-1 -1 0 -1 -1;1 1 1 0 1;-1 -1 -1 -1 0
2511,327,0 4 4 4 4;-1 0 -1 -1 -1;-1 -1 0 -1 -1;2 2 2 0 2;-1 -1 -1 -1 0
2512,328,0 4 4 4 4;-1 0 -1 -1 -1;-1 -1 0 -1 -1;3 3 3 0 3;-1 -1 -1 -1 0
2513,39,0 4 4 4 4;-1 0 -1 -1 -1;1 1 0 1 1;-1 -1 -1 0 -1;-1 -1 -1 -1 0
2514,379,0 4 4 4 4;-1 0 -1 -1 -1;2 2 0 2 2;-1 -1 -1 0 -1;-1 -1 -1 -1 0
2515,380,0 4 4 4 4;-1 0 -1 -1 -1;3 3 0 3 3;-1 -1 -1 0 -1;-1 -1 -1 -1 0
2516,41,0 4 4 4 4;1 0 1 1 1;-1 -1 0 -1 -1;-1 -1 -1 0 -1;-1 -1 -1 -1 0
2517,359,0 4 4 4 4;2 0 2 2 2;-1 -1 0 -1 -1;-1 -1 -1 0 -1;-1 -1 -1 -1 0
2518,360,0 4 4 4 4;3 0 3 3 3;-1 -1 0 -1 -1;-1 -1 -1 0 -1;-1 -1 -1 -1 0
2519,298,0 5 2 2 2;-1 0 -1 -1 -1;-1 -1 0 -1 -1;-1 -1 -1 0 -1;-1 -1 -1 -1 0
2520,632,0 5 2 2 2;-1 0 -1 -1 -1;0 0 0 1 0;-1 -1 -1 0 -1;-1 -1 -1 -1 0
2521,206,0 5 2 2 2;-1 0 -1 -1 -1;0 0 0 1 0;0 0 0 0 3;-1 -1 -1 -1 0
2522,161,0 5 2 2 2;-1 0 -1 -1 -1;0 0 0 3 0;-1 -1 -1 0 -1;0 0 0 0 0
2523,678,0 5 2 2 2;-1 0 1 -1 -1;-1 -1 0 1 -1;-1 -1 -1 0 1;-1 -1 -1 -1 0
2524,678,0 5 2 2 2;-1 0 1 -1 -1;-1 -1 0 1 -1;-1 -1 -1 0 1;0 0 0 0 0
2525,633,0 5 2 2 2;-1 0 1 -1 -1;-1 -1 0 1 -1;-1 -1 -1 0 1;2 2 2 2 0
2526,208,0 5 2 2 2;-1 0 1 -1 -1;-1 -1 0 1 -1;0 0 0 0 3;-1 -1 -1 -1 0
2527,634,0 5 2 2 2;-1 0 1 -1 -1;-1 -1 0 1 -1;2 2 2 0 5;-1 -1 -1 -1 0
2528,185,0 5 2 2 2;-1 0 1 -1 -1;0 0 0 1 0;-1 -1 -1 0 -1;-1 -1 -1 -1 0
2529,162,0 5 2 2 2;-1 0 1 -1 -1;0 0 0 3 0;-1 -1 -1 0 1;-1 -1 -1 -1 0
2530,635,0 5 2 2 2;-1 0 1 -1 -1;2 2 0 5 2;-1 -1 -1 0 1;-1 -1 -1 -1 0
2531,127,0 5 2 2 2;0 0 0 0 0;-1 -1 0 -1 -1;-1 -1 -1 0 -1;-1 -1 -1 -1 0
2532,231,0 5 2 2 2;0 0 1 0 0;-1 -1 0 -1 -1;-1 -1 -1 0 -1;-1 -1 -1 -1 0
2533,204,0 5 2 2 2;0 0 1 0 0;-1 -1 0 -1 -1;-1 -1 -1 0 -1;0 0 0 0 0
2534,223,0 5 2 2 2;0 0 3 0 0;-1 -1 0 1 -1;-1 -1 -1 0 1;-1 -1 -1 -1 0
2535,186,0 5 2 2 2;0 0 3 0 0;0 0 0 1 0;-1 -1 -1 0 -1;-1 -1 -1 -1 0
2536,636,0 5 2 2 2;1 0 1 1 1;-1 -1 0 -1 -1;-1 -1 -1 0 -1;-1 -1 -1 -1 0
2537,637,0 5 2 2 2;2 0 5 2 2;-1 -1 0 1 -1;-1 -1 -1 0 1;-1 -1 -1 -1 0
2538,361,0 5 3 3 3;1 0 1 1 1;-1 -1 0 -1 -1;-1 -1 -1 0 -1;-1 -1 -1 -1 0
2539,687,0 5 5 5 5;-1 0 -1 -1 -1;-1 -1 0 -1 -1;-1 -1 -1 0 -1;-1 -1 -1 -1 0
2540,687,0 5 5 5 5;-1 0 -1 -1 -1;-1 -1 0 -1 -1;-1 -1 -1 0 -1;0 0 0 0 0
2541,638,0 5 5 5 5;-1 0 -1 -1 -1;-1 -1 0 -1 -1;-1 -1 -1 0 -1;2 2 2 2 0
2542,639,0 5 5 5 5;-1 0 -1 -1 -1;-1 -1 0 -1 -1;-1 -1 -1 0 -1;3 3 3 3 0
2543,640,0 5 5 5 5;-1 0 -1 -1 -1;-1 -1 0 -1 -1;-1 -1 -1 0 -1;4 4 4 4 0
2544,687,0 5 5 5 5;-1 0 -1 -1 -1;-1 -1 0 -1 -1;0 0 0 0 0;-1 -1 -1 -1 0
2545,641,0 5 5 5 5;-1 0 -1 -1 -1;-1 -1 0 -1 -1;2 2 2 0 2;-1 -1 -1 -1 0
2546,642,0 5 5 5 5;-1 0 -1 -1 -1;-1 -1 0 -1 -1;3 3 3 0 3;-1 -1 -1 -1 0
2547,643,0 5 5 5 5;-1 0 -1 -1 -1;-1 -1 0 -1 -1;4 4 4 0 4;-1 -1 -1 -1 0
2548,687,0 5 5 5 5;-1 0 -1 -1 -1;0 0 0 0 0;-1 -1 -1 0 -1;-1 -1 -1 -1 0
2549,644,0 5 5 5 5;-1 0 -1 -1 -1;2 2 0 2 2;-1 -1 -1 0 -1;-1 -1 -1 -1 0
2550,645,0 5 5 5 5;-1 0 -1 -1 -1;3 3 0 3 3;-1 -1 -1 0 -1;-1 -1 -1 -1 0
2551,646,0 5 5 5 5;-1 0 -1 -1 -1;4 4 0 4 4;-1 -1 -1 0 -1;-1 -1 -1 -1 0
2552,687,0 5 5 5 5;0 0 0 0 0;-1 -1 0 -1 -1;-1 -1 -1 0 -1;-1 -1 -1 -1 0
2553,647,0 5 5 5 5;2 0 2 2 2;-1 -1 0 -1 -1;-1 -1 -1 0 -1;-1 -1 -1 -1 0
2554,648,0 5 5 5 5;3 0 3 3 3;-1 -1 0 -1 -1;-1 -1 -1 0 -1;-1 -1 -1 -1 0
2555,649,0 5 5 5 5;4 0 4 4 4;-1 -1 0 -1 -1;-1 -1 -1 0 -1;-1 -1 -1 -1 0
2556,679,0 6 3 3 3;-1 0 -1 -1 -1;-1 -1 0 -1 -1;-1 -1 -1 0 -1;-1 -1 -1 -1 0
2557,679,0 6 3 3 3;-1 0 0 -1 -1;-1 -1 0 -1 -1;-1 -1 -1 0 -1;-1 -1 -1 -1 0
2558,650,0 6 3 3 3;-1 0 0 -1 -1;1 1 0 2 1;-1 -1 -1 0 -1;-1 -1 -1 -1 0
2559,651,0 6 3 3 3;-1 0 2 -1 -1;1 1 0 2 1;-1 -1 -1 0 -1;-1 -1 -1 -1 0
2560,652,0 6 3 3 3;1 0 2 1 1;-1 -1 0 -1 -1;-1 -1 -1 0 -1;-1 -1 -1 -1 0
2561,653,0 6 4 4 4;2 0 2 2 2;-1 -1 0 -1 -1;-1 -1 -1 0 -1;-1 -1 -1 -1 0
